시간,규모,진앙(km),위도,경도,위치
2015-12-11 01:25:17,2.1,14,36.90,126.58,충남 당진시 서북서쪽 5km 지역
2015-12-22 04:31:24,3.9,11,36.02,126.95,전북 익산시 북쪽 8km 지역
2016-01-06 20:39:04,3.0,7,36.01,128.07,경북 김천시 남쪽 14km 지역
2016-01-23 07:14:01,2.4,7,38.42,126.25,북한 황해북도 평산군 북서쪽 16km 지역
2016-01-25 18:40:20,2.3,20,36.22,128.69,경북 의성군 남쪽 14km 지역
2016-01-31 03:03:02,2.0,28,36.95,129.92,경북 울진군 동쪽 46 km 해역
2016-02-11 05:57:44,3.1,17,36.21,127.48,충남 금산군 북쪽 12km 지역
2016-02-24 23:22:12,2.9,20,33.52,125.92,제주 제주시 고산 북서쪽 34km 해역
2016-02-26 18:46:12,2.2,14,33.23,127.19,제주 서귀포시 성산 동남동쪽 34km 해역
2016-02-28 16:52:38,2.5,6,38.73,125.85,북한 황해북도 송림시 동쪽 19km 지역
2016-03-02 14:04:43,2.7,3,36.35,127.20,충남 공주시 남동쪽 13km 지역
2016-03-05 11:11:53,3.3,0,35.61,129.82,울산 동구 동북동쪽 38km 해역
2016-03-14 05:17:05,3.1,8,38.71,125.87,북한 황해북도 송림시 동쪽 21km 지역
2016-03-15 03:00:19,2.7,16,36.31,128.21,경북 상주시 남남동쪽 12km 지역
2016-03-15 03:38:34,2.5,13,37.60,129.82,강원 삼척시 동북동쪽 60km 해역
2016-03-27 14:52:53,2.3,12,35.33,130.04,울산 동구 동남동쪽 59km 해역
2016-03-27 18:28:35,3.1,7,39.38,126.06,북한 평안남도 성천시 북서쪽 20km 지역
2016-03-28 14:34:21,2.9,13,35.22,127.96,경남 진주시 서북서쪽 12km 지역
2016-04-13 05:28:39,2.1,17,35.92,127.93,경북 김천시 남남서쪽 28km 지역
2016-04-21 15:53:45,2.7,18,33.52,125.92,제주 제주시 고산 북서쪽 34km 해역
2016-04-21 15:55:04,2.7,10,33.53,125.89,제주 제주시 고산 북서쪽 36km 해역
2016-04-25 11:42:52,2.3,22,33.51,125.91,제주 제주시 고산 북서쪽 34km 해역
2016-04-27 19:27:00,2.3,15,35.57,128.34,경남 합천군 동쪽 16km 지역
2016-04-28 10:16:43,2.4,10,35.42,128.56,경남 창녕군 남남동쪽 15km 지역
2016-04-30 22:46:41,2.6,19,37.75,125.40,북한 황해남도 옹진군 남쪽 20km 지역
2016-05-03 03:29:09,2.4,2,37.11,129.02,강원 태백시 남남동쪽 7km 지역
2016-05-22 01:22:47,3.5,21,40.68,127.15,북한 함경남도 장진군 북북서쪽 34km 지역
2016-05-24 04:52:21,2.3,16,33.61,125.56,제주 제주시 고산 서북서쪽 66km 해역
2016-06-03 04:53:38,3.0,10,36.39,127.92,경북 상주시 서쪽 22km 지역
2016-06-05 10:11:39,2.2,17,36.00,129.58,경북 포항시 남구 동쪽 20km 해역
2016-06-07 16:06:42,2.3,12,33.05,126.17,제주 제주시 고산 남쪽 27km 해역
2016-06-13 12:33:06,2.7,8,34.30,124.68,전남 신안군 흑산면 서남서쪽 82km 해역
2016-06-15 02:07:18,2.6,20,35.87,129.69,경북 포항시 남구 동남동쪽 33km 해역
2016-06-21 03:23:46,3.1,0,39.49,126.19,북한 평안남도 성천군 북쪽 28km 지역
2016-06-25 03:24:52,2.6,1,38.74,125.86,북한 황해북도 송림시 20km 지역
2016-07-05 20:33:03,5.0,19,35.51,129.99,울산 동구 동쪽 52km 해역
2016-07-05 21:24:35,2.6,24,35.51,129.87,울산 동구 동쪽 41km 해역
2016-07-09 04:47:52,2.3,18,35.48,129.97,울산 동구 동쪽 50km 해역
2016-07-09 13:16:48,2.6,0,38.69,125.83,북한 황해북도 송림시 동남동쪽 18km 지역
2016-07-13 14:13:02,2.0,9,36.80,128.53,경북 영주시 서쪽 9km 지역
2016-07-14 22:31:13,2.8,12,35.12,130.24,울산 동구 동남동쪽 86km 해역
2016-07-30 01:51:57,2.3,13,33.06,126.33,제주 서귀포시 남서쪽 27km 해역
2016-08-16 11:57:40,2.4,14,36.75,128.84,경북 안동시 북북동쪽 22km 지역
2016-08-17 11:17:39,2.9,0,38.35,128.09,북한 강원도 양구군 북북동쪽 28km 지역
2016-08-18 17:08:46,2.1,0,37.18,125.46,인천 옹진군 연평도 남남서쪽 58km 해역
2016-08-18 22:21:10,2.6,5,38.84,125.70,북한 황해북도 송림시 북북동쪽 13km 지역
2016-08-20 12:18:21,3.0,7,38.38,128.09,북한 강원도 양구군 북북동쪽 32km 지역
2016-08-20 18:54:44,2.9,18,33.48,127.31,제주 서귀포시 성산 동북동쪽 41km 해역
2016-08-28 21:27:55,2.4,14,38.65,127.16,북한 강원도 평강 북북서쪽 29km 지역
2016-08-28 23:27:20,2.1,7,35.65,127.48,전북 장수군 서쪽 4km 지역
2016-08-30 00:39:46,2.6,18,35.55,128.03,경남 합천군 서쪽 13km 지역
2016-09-12 19:44:32,5.1,15,35.77,129.19,경북 경주시 남남서쪽 8.2km 지역
2016-09-12 19:45:48,2.4,12,35.78,129.20,경북 경주시 남남서쪽 7km 지역
2016-09-12 19:46:40,2.2,14,35.76,129.19,경북 경주시 남남서쪽 9km 지역
2016-09-12 19:48:03,3.1,16,35.77,129.19,경북 경주시 남남서쪽 8km 지역
2016-09-12 19:50:50,2.2,13,35.77,129.18,경북 경주시 남남서쪽 8km 지역
2016-09-12 19:53:01,2.1,16,35.77,129.19,경북 경주시 남남서쪽 8km 지역
2016-09-12 19:55:36,2.4,18,35.76,129.18,경북 경주시 남남서쪽 9km 지역
2016-09-12 20:00:07,2.4,19,35.78,129.16,경북 경주시 남서쪽 8km 지역
2016-09-12 20:04:19,2.5,20,35.77,129.18,경북 경주시 남남서쪽 8km 지역
2016-09-12 20:07:05,2.6,21,35.76,129.19,경북 경주시 남남서쪽 9km 지역
2016-09-12 20:08:50,2.7,18,35.76,129.18,경북 경주시 남남서쪽 9km 지역
2016-09-12 20:09:36,2.7,13,35.76,129.17,경북 경주시 남남서쪽 10km 지역
2016-09-12 20:10:50,3.1,18,35.77,129.18,경북 경주시 남남서쪽 8km 지역
2016-09-12 20:17:44,2.3,18,35.76,129.19,경북 경주시 남남서쪽 9km 지역
2016-09-12 20:26:22,2.5,17,35.77,129.20,경북 경주시 남쪽 8km 지역
2016-09-12 20:32:54,5.8,15,35.76,129.19,경북 경주시 남남서쪽 8.7km 지역
2016-09-12 20:34:22,3.6,12,35.78,129.19,경북 경주시 남남서쪽 7km 지역
2016-09-12 20:36:00,3.4,13,35.75,129.18,경북 경주시 남남서쪽 10km 지역
2016-09-12 20:38:32,3.0,15,35.78,129.20,경북 경주시 남남서쪽 7km 지역
2016-09-12 20:39:35,3.0,16,35.77,129.19,경북 경주시 남남서쪽 8km 지역
2016-09-12 20:40:40,3.0,17,35.76,129.18,경북 경주시 남남서쪽 9km 지역
2016-09-12 20:42:27,2.5,13,35.79,129.20,경북 경주시 남남서쪽 5km 지역
2016-09-12 20:43:31,2.4,13,35.76,129.19,경북 경주시 남남서쪽 9km 지역
2016-09-12 20:44:02,2.5,17,35.76,129.18,경북 경주시 남남서쪽 9km 지역
2016-09-12 20:45:06,2.3,15,35.76,129.17,경북 경주시 남남서쪽 10km 지역
2016-09-12 20:45:36,2.7,14,35.78,129.20,경북 경주시 남남서쪽 7km 지역
2016-09-12 20:46:28,2.4,16,35.76,129.17,경북 경주시 남남서쪽 10km 지역
2016-09-12 20:47:41,2.2,14,35.81,129.23,경북 경주시 남남동쪽 3km 지역
2016-09-12 20:47:55,2.9,16,35.76,129.19,경북 경주시 남남서쪽 9km 지역
2016-09-12 20:51:13,2.6,16,35.75,129.16,경북 경주시 남남서쪽 11km 지역
2016-09-12 20:55:00,2.0,11,35.76,129.18,경북 경주시 남남서쪽 9km 지역
2016-09-12 20:58:45,2.1,16,35.77,129.17,경북 경주시 남남서쪽 9km 지역
2016-09-12 21:00:35,2.5,18,35.77,129.18,경북 경주시 남남서쪽 8km 지역
2016-09-12 21:07:59,2.0,15,35.77,129.19,경북 경주시 남남서쪽 8km 지역
2016-09-12 21:09:19,2.2,15,35.77,129.19,경북 경주시 남남서쪽 8km 지역
2016-09-12 21:16:38,2.1,13,35.76,129.18,경북 경주시 남남서쪽 9km 지역
2016-09-12 21:20:48,2.8,19,35.78,129.18,경북 경주시 남남서쪽 7km 지역
2016-09-12 21:33:57,2.3,17,35.76,129.02,경북 경주시 서남서쪽 20km 지역
2016-09-12 21:38:35,2.6,18,35.76,129.19,경북 경주시 남남서쪽 9km 지역
2016-09-12 21:54:34,2.2,16,35.76,129.16,경북 경주시 남남서쪽 10km 지역
2016-09-12 21:54:53,2.1,12,35.77,129.19,경북 경주시 남남서쪽 8km 지역
2016-09-12 22:06:22,2.1,16,35.77,129.19,경북 경주시 남남서쪽 8km 지역
2016-09-12 22:08:25,2.0,18,35.76,129.18,경북 경주시 남남서쪽 9km 지역
2016-09-12 22:13:14,2.4,17,35.76,129.19,경북 경주시 남남서쪽 9km 지역
2016-09-12 22:17:35,2.5,15,35.76,129.18,경북 경주시 남남서쪽 9km 지역
2016-09-12 22:18:36,2.0,17,35.77,129.18,경북 경주시 남남서쪽 8km 지역
2016-09-12 22:22:50,2.2,17,35.76,129.18,경북 경주시 남남서쪽 9km 지역
2016-09-12 22:23:27,2.4,17,35.77,129.18,경북 경주시 남남서쪽 8km 지역
2016-09-12 22:47:13,2.1,13,35.77,129.19,경북 경주시 남남서쪽 8km 지역
2016-09-12 23:18:27,3.0,17,35.76,129.17,경북 경주시 남남서쪽 8km 지역
2016-09-12 23:52:30,3.1,18,35.75,129.18,경북 경주시 남남서쪽 10km 지역
2016-09-12 23:53:42,2.2,16,35.77,129.19,경북 경주시 남남서쪽 8km 지역
2016-09-13 00:07:43,2.2,16,35.76,129.19,경북 경주시 남남서쪽 9km 지역
2016-09-13 00:10:05,2.0,17,35.76,129.18,경북 경주시 남남서쪽 9km 지역
2016-09-13 00:15:02,2.0,15,35.76,129.18,경북 경주시 남남서쪽 9km 지역
2016-09-13 00:21:37,2.5,18,35.76,129.19,경북 경주시 남남서쪽 9km 지역
2016-09-13 00:32:18,2.1,16,35.76,129.19,경북 경주시 남남서쪽 9km 지역
2016-09-13 00:37:10,3.1,19,35.78,129.21,경북 경주시 남쪽 6km 지역
2016-09-13 00:45:50,2.2,17,35.76,129.18,경북 경주시 남남서쪽 9km 지역
2016-09-13 01:03:39,2.0,17,35.77,129.17,경북 경주시 남남서쪽 9km 지역
2016-09-13 01:23:56,2.2,17,35.75,129.19,경북 경주시 남남서쪽 10km 지역
2016-09-13 01:31:00,2.0,16,35.77,129.18,경북 경주시 남남서쪽 8km 지역
2016-09-13 01:35:51,2.3,17,35.75,129.17,경북 경주시 남남서쪽 11km 지역
2016-09-13 01:37:33,2.2,17,35.77,129.18,경북 경주시 남남서쪽 8km 지역
2016-09-13 01:58:39,2.5,17,35.77,129.18,경북 경주시 남남서쪽 8km 지역
2016-09-13 02:03:36,2.1,17,35.76,129.17,경북 경주시 남남서쪽 10km 지역
2016-09-13 02:03:49,2.2,14,35.78,129.19,경북 경주시 남남서쪽 7km 지역
2016-09-13 02:09:35,2.0,17,35.75,129.18,경북 경주시 남남서쪽 10km 지역
2016-09-13 03:11:21,2.1,17,35.75,129.17,경북 경주시 남남서쪽 11km 지역
2016-09-13 04:13:31,2.1,16,35.78,129.19,경북 경주시 남남서쪽 7km 지역
2016-09-13 04:41:59,2.1,17,35.76,129.17,경북 경주시 남남서쪽 10km 지역
2016-09-13 04:56:59,2.0,15,35.77,129.19,경북 경주시 남남서쪽 8km 지역
2016-09-13 05:15:54,2.0,16,35.77,129.18,경북 경주시 남남서쪽 9km 지역
2016-09-13 06:15:29,2.3,19,35.77,129.18,경북 경주시 남남서쪽 8km 지역
2016-09-13 06:48:03,2.0,16,35.78,129.18,경북 경주시 남남서쪽 7km 지역
2016-09-13 07:03:27,2.1,18,35.77,129.19,경북 경주시 남남서쪽 8km 지역
2016-09-13 07:47:42,2.4,17,35.77,129.18,경북 경주시 남남서쪽 8km 지역
2016-09-13 08:24:47,3.2,14,35.76,129.17,경북 경주시 남남서쪽 10km 지역
2016-09-13 08:47:57,2.3,17,35.76,129.17,경북 경주시 남남서쪽 10km 지역
2016-09-13 09:23:27,2.3,17,35.76,129.18,경북 경주시 남남서쪽 9km 지역
2016-09-13 10:01:27,2.3,18,35.78,129.19,경북 경주시 남남서쪽 7km 지역
2016-09-13 10:05:38,2.0,18,35.76,129.18,경북 경주시 남남서쪽 9km 지역
2016-09-13 10:44:13,2.2,18,35.76,129.18,경북 경주시 남남서쪽 9km 지역
2016-09-13 10:58:45,2.0,18,35.76,129.18,경북 경주시 남남서쪽 9km 지역
2016-09-13 12:27:05,2.2,18,35.78,129.19,경북 경주시 남남서쪽 7km 지역
2016-09-13 12:33:58,2.0,18,35.76,129.16,경북 경주시 남남서쪽 10km 지역
2016-09-13 13:09:09,2.3,16,35.77,129.17,경북 경주시 남남서쪽 9km 지역
2016-09-13 13:16:04,2.4,16,35.77,129.17,경북 경주시 남남서쪽 9km 지역
2016-09-13 13:18:08,2.1,16,35.77,129.17,경북 경주시 남남서쪽 9km 지역
2016-09-13 14:31:42,3.0,14,35.76,129.18,경북 경주시 남남서쪽 9km 지역
2016-09-13 14:41:41,2.1,16,35.76,129.17,경북 경주시 남남서쪽 10km 지역
2016-09-13 16:02:48,2.5,17,35.76,129.20,경북 경주시 남쪽 9km 지역
2016-09-13 16:21:33,2.0,18,35.75,129.17,경북 경주시 남남서쪽 10km 지역
2016-09-13 16:52:11,2.5,19,35.75,129.18,경북 경주시 남남서쪽 10km 지역
2016-09-13 17:15:37,2.0,17,35.77,129.18,경북 경주시 남남서쪽 9km 지역
2016-09-13 18:54:03,2.1,18,35.76,129.18,경북 경주시 남남서쪽 9km 지역
2016-09-13 21:49:09,2.1,16,35.76,129.17,경북 경주시 남남서쪽 10km 지역
2016-09-13 23:08:28,2.3,14,35.73,129.36,경북 경주시 남동쪽 18km 지역
2016-09-14 00:48:41,3.0,13,35.75,129.18,경북 경주시 남남서쪽 11km 지역
2016-09-14 01:37:02,2.1,17,35.77,129.18,경북 경주시 남남서쪽 8km 지역
2016-09-14 03:55:17,2.4,19,35.76,129.18,경북 경주시 남남서쪽 9km 지역
2016-09-14 04:43:47,2.1,17,35.77,129.17,경북 경주시 남남서쪽 9km 지역
2016-09-14 11:57:32,2.4,15,33.93,126.62,전남 완도군 남남서쪽 44km 해역
2016-09-14 12:38:10,2.2,18,35.78,129.19,경북 경주시 남남서쪽 7km 지역
2016-09-14 16:47:16,2.1,17,35.77,129.18,경북 경주시 남남서쪽 8km 지역
2016-09-14 17:27:14,2.3,18,35.77,129.17,경북 경주시 남남서쪽 9km 지역
2016-09-14 22:31:31,2.4,18,35.76,129.17,경북 경주시 남남서쪽 10km 지역
2016-09-15 03:22:28,2.7,18,35.76,129.18,경북 경주시 남쪽 9km 지역
2016-09-15 19:47:25,2.2,20,35.77,129.19,경북 경주시 남남서쪽 8km 지역
2016-09-15 20:48:25,2.6,19,35.76,129.19,경북 경주시 남남서쪽 9km 지역
2016-09-16 05:31:09,2.2,18,35.78,129.19,경북 경주시 남남서쪽 7km 지역
2016-09-16 15:13:18,2.3,16,35.76,129.17,경북 경주시 남남서쪽 10km 지역
2016-09-16 18:58:31,2.0,19,35.75,129.18,경북 경주시 남남서쪽 10km 지역
2016-09-16 19:15:46,2.0,16,35.76,129.18,경북 경주시 남남서쪽 10km 지역
2016-09-16 19:54:46,2.1,13,35.74,129.17,경북 경주시 남남서쪽 12km 지역
2016-09-16 21:14:24,2.2,18,35.76,129.18,경북 경주시 남남서쪽 9km 지역
2016-09-17 07:12:56,2.1,17,35.76,129.18,경북 경주시 남남서쪽 9km 지역
2016-09-17 16:21:58,2.1,18,35.76,129.18,경북 경주시 남남서쪽 9km 지역
2016-09-18 16:27:54,2.4,16,35.76,129.17,경북 경주시 남남서쪽 10km 지역
2016-09-18 22:38:07,2.0,14,35.75,129.18,경북 경주시 남남서쪽 10km 지역
2016-09-19 09:17:59,2.1,17,35.76,129.17,경북 경주시 남남서쪽 10km 지역
2016-09-19 20:33:58,4.5,14,35.74,129.18,경북 경주시 남남서쪽 11km 지역
2016-09-19 21:00:51,2.1,18,35.75,129.17,경북 경주시 남남서쪽 11km 지역
2016-09-20 09:58:17,2.4,19,35.76,129.20,경북 경주시 남쪽 9km 지역
2016-09-20 15:05:17,2.5,0,38.36,128.09,북한 강원도 양구군 북북동쪽 29km 지역
2016-09-20 20:03:27,2.1,17,35.77,129.19,경북 경주시 남남서쪽 8km 지역
2016-09-21 00:59:11,2.1,17,35.76,129.18,경북 경주시 남남서쪽 9km 지역
2016-09-21 03:36:51,2.9,14,35.77,129.18,경북 경주시 남남서쪽 8km 지역
2016-09-21 11:36:41,2.2,16,35.78,129.15,경북 경주시 남서쪽 9km 지역
2016-09-21 11:53:54,3.5,18,35.75,129.18,경북 경주시 남남서쪽 10km 지역
2016-09-22 00:01:30,2.3,16,35.76,129.18,경북 경주시 남남서쪽 9km 지역
2016-09-22 03:22:32,2.1,14,35.76,129.18,경북 경주시 남남서쪽 9km 지역
2016-09-23 18:21:42,2.1,17,35.76,129.18,경북 경주시 남남서쪽 9km 지역
2016-09-24 19:56:21,2.5,15,35.79,129.19,경북 경주시 남남서쪽 6km 지역
2016-09-28 16:34:30,3.1,13,35.76,129.18,경북 경주시 남남서쪽 9km 지역
2016-09-28 18:54:22,2.8,1,38.74,125.69,북한 황해북도 송림시 동쪽 5km 지역
2016-09-28 19:00:03,2.6,0,38.74,125.73,북한 황해북도 송림시 동쪽 8km 지역
2016-09-28 21:10:34,2.7,15,35.77,129.17,경북 경주시 남남서쪽 9km 지역
2016-09-30 11:09:47,2.1,15,35.76,129.18,경북 경주시 남남서쪽 9km 지역
2016-09-30 16:24:16,2.0,17,35.77,129.16,경북 경주시 남남서쪽 9km 지역
2016-09-30 18:06:36,2.3,16,35.76,129.16,경북 경주시 남남서쪽 10km 지역
2016-09-30 21:52:49,2.2,15,35.75,129.18,경북 경주시 남남서쪽 10km 지역
2016-10-01 13:04:16,2.0,15,35.76,129.18,경북 경주시 남남서쪽 9km 지역
2016-10-01 17:00:34,2.3,15,35.76,129.18,경북 경주시 남남서쪽 9km 지역
2016-10-02 20:53:07,3.0,18,35.75,129.19,경북 경주시 남남서쪽10km 지역
2016-10-04 15:16:44,2.6,15,35.76,129.19,경북 경주시 남남서쪽9km 지역
2016-10-05 23:29:16,2.3,35,38.76,125.62,북한 황해북도 송림시 북북서쪽 3km 지역
2016-10-07 17:17:58,2.2,17,35.77,129.23,경북 경주시 남쪽 8km 지역
2016-10-09 14:03:00,2.2,11,35.08,126.93,광주 동구 남쪽 7km 지역
2016-10-10 22:59:10,3.3,17,35.75,129.18,경북 경주시 남남서쪽 10km 지역
2016-10-12 00:29:36,2.9,18,35.76,129.18,경북 경주시 남남서쪽 9km 지역
2016-10-14 08:20:58,2.3,15,35.76,129.19,경북 경주시 남남서쪽 9km 지역
2016-10-15 18:55:18,2.5,16,35.74,129.18,경북 경주시 남남서쪽 11km 지역
2016-10-15 23:49:08,2.2,12,35.76,129.17,경북 경주시 남남서쪽 10km 지역
2016-10-20 12:17:07,2.4,15,35.76,129.19,경북 경주시 남남서쪽 9km 지역
2016-10-21 10:13:53,2.2,14,36.46,126.87,충남 청양군 동쪽 6km 지역
2016-10-21 12:47:49,2.6,12,35.75,129.17,경북 경주시 남남서쪽 11km 지역
2016-10-23 03:00:04,2.7,14,35.78,129.20,경북 경주시 남남서쪽 7km 지역
2016-10-24 09:02:01,2.2,7,37.25,127.02,경기 수원시 권선구 동쪽 4km 지역
2016-10-25 03:23:06,2.0,15,35.76,129.19,경북 경주시 남남서쪽 9km 지역
2016-10-25 19:57:37,2.4,8,35.70,129.37,경북 경주시 남동쪽 21km 지역
2016-11-02 03:01:43,2.3,10,33.53,126.88,제주 제주시 동쪽 33km 지역
2016-11-03 03:46:06,2.1,14,35.75,129.18,경북 경주시 남남서쪽 10km 지역
2016-11-03 10:02:26,2.3,18,35.76,129.19,경북 경주시 남남서쪽 9km 지역
2016-11-03 10:36:23,2.3,11,35.76,129.19,경북 경주시 남남서쪽 9km 지역
2016-11-03 23:35:52,2.6,16,35.32,128.49,경남 함안군 북동쪽 9km 지역
2016-11-06 06:26:22,3.5,12,33.76,125.07,전남 신안군 흑산면 남남서쪽 106km 해역
2016-11-09 20:55:44,2.3,20,36.55,129.60,경북 영덕군 북동쪽 26km 해역
2016-11-10 22:37:52,2.5,18,36.46,129.89,경북 영덕군 동쪽 47km 해역
2016-11-13 02:27:23,2.3,0,38.76,125.66,북한 황해북도 송림시 북동쪽 3km 지역
2016-11-13 21:52:57,3.5,10,36.36,126.63,충남 보령시 북북동쪽 4km 지역
2016-11-15 12:22:59,2.5,9,38.35,128.09,북한 강원도 금강군 남남동쪽 29km 지역
2016-11-15 16:27:40,2.0,18,35.76,129.19,경북 경주시 남남서쪽 9km 지역
2016-11-16 23:15:44,2.1,6,34.86,125.08,전남 신안군 흑산면 서북서쪽 43km 해역
2016-11-18 02:02:35,2.0,13,35.51,128.09,경남 합천군 남서쪽 9km 지역
2016-11-19 03:29:02,2.1,14,35.76,129.19,경북 경주시 남남서쪽 9km 지역
2016-11-25 18:53:58,2.3,14,35.75,129.17,경북 경주시 남남서쪽 11km 지역
2016-11-27 06:53:12,2.5,10,36.34,127.33,대전 유성구 남서쪽 3km 지역
2016-11-27 20:08:46,2.2,12,36.02,127.39,충남 금산군 남서쪽 13km 지역
2016-11-28 20:57:26,2.4,18,35.77,129.19,경북 경주시 남남서쪽 8km 지역
2016-11-28 23:33:02,2.2,10,38.49,126.14,북한 황해북도 평산군 북서쪽 28km 지역
2016-11-29 10:09:22,2.9,17,33.40,125.72,제주 제주시 고산 서북서쪽 43km 해역
2016-12-02 04:45:42,2.1,14,35.76,129.19,경북 경주시 남남서쪽 9km 지역
2016-12-05 00:47:03,2.1,14,35.77,129.18,경북 경주시 남남서쪽 8km 지역
2016-12-05 07:42:21,2.1,21,35.81,129.72,경북 포항시 남구 남동쪽 39km 해역
2016-12-07 22:34:14,2.4,0,37.18,125.48,인천 옹진군 연평도 남남서쪽 57km 해역
2016-12-09 11:30:45,2.4,8,35.69,129.36,경북 경주시 남동쪽 21km 지역
2016-12-10 00:51:13,2.1,18,35.77,129.17,경북 경주시 남남서쪽 9km 지역
2016-12-10 15:51:54,2.0,12,37.63,129.68,강원 삼척시 동북동쪽 50km 해역
2016-12-11 16:05:36,2.6,14,36.07,125.57,충남 태안군 서격렬비도 남쪽 59km 해역
2016-12-12 04:46:32,2.2,13,35.76,129.18,경북 경주시 남남서쪽 9km 지역
2016-12-12 17:53:17,3.3,16,35.76,129.18,경북 경주시 남남서쪽 9km 지역
2016-12-14 10:05:28,2.1,12,36.54,128.08,경북 상주시 북북서쪽 16km 지역
2016-12-14 17:20:34,3.3,12,35.76,129.17,경북 경주시 남남서쪽 10km 지역
2016-12-15 17:14:53,2.1,14,35.76,129.19,경북 경주시 남남서쪽 9km 지역
2016-12-22 21:13:32,2.2,18,34.45,128.54,경남 통영시 매물도 남쪽 22km 해역
2016-12-23 05:31:32,2.2,10,36.12,129.36,경북 포항시 북구 북쪽 9km 지역
2016-12-25 01:59:43,2.4,17,35.25,129.39,부산 기장군 동쪽 15km 해역
2016-12-25 06:29:09,2.5,11,35.78,129.31,경북 경주시 남동쪽 11km 지역
2016-12-29 05:53:11,2.6,6,38.71,125.76,북한 황해북도 송림시 동남동쪽 11km 지역
2016-12-29 21:32:25,2.3,9,36.12,129.36,경북 포항시 북구 북쪽 9km 지역
2016-12-30 15:04:41,2.5,10,38.64,125.76,북한 황해북도 사리원시 북쪽 15km 지역
2016-12-31 08:01:03,2.6,0,39.31,126.27,북한 평안남도 성천군 북북동쪽 9km 지역
2017-01-04 05:00:47,2.5,18,36.58,129.24,경북 영덕군 북북서쪽 22km 지역
2017-01-06 05:31:13,3.3,12,35.75,129.17,경북 경주시 남남서쪽 11km 지역
2017-01-06 05:33:23,2.2,12,35.75,129.18,경북 경주시 남남서쪽 10km 지역
2017-01-07 06:37:41,2.4,1,38.69,125.73,북한 황해북도 송림 동남동쪽 10km 지역
2017-01-11 00:10:05,2.1,20,36.44,128.42,경북 의성군 서북서쪽 27km 지역
2017-01-14 11:52:55,2.2,10,35.17,127.79,경남 하동군 북북동쪽 12km 지역
2017-01-16 06:57:31,2.7,21,33.64,127.51,전남 여수시 거문도 남남동쪽 47km 해역
2017-01-16 19:54:13,2.1,20,36.33,126.59,충남 보령시 서쪽 2km 지역
2017-01-17 16:06:56,2.8,6,38.71,125.86,북한 황해북도 송림 동쪽 20km 지역
2017-01-18 12:49:53,2.5,4,35.02,125.06,전남 신안군 흑산면 북서쪽 56km 해역
2017-01-21 03:27:38,2.6,15,35.75,129.18,경북 경주시 남남서쪽 10km 지역
2017-01-24 04:07:56,2.6,16,35.77,129.17,경북 경주시 남남서쪽 9km 지역
2017-01-26 22:53:38,2.0,0,33.54,126.87,제주 제주시 동쪽 32km 해역
2017-01-29 13:45:53,2.6,8,38.70,127.16,북한 강원 평강 북북서쪽 34km 지역
2017-02-05 19:07:29,2.5,21,33.61,126.73,제주 제주시 동북동쪽 22km 해역
2017-02-05 20:06:15,2.6,3,39.61,127.64,북한 함경남도 함흥 남남동쪽 34km 해역
2017-02-10 05:22:41,2.2,20,35.65,129.57,울산 북구 동북동쪽 20km 해역
2017-02-10 18:01:35,2.6,0,38.54,125.84,북한 황해북도 사리원 동북동쪽 8km 지역
2017-02-12 09:22:27,2.3,22,35.69,129.58,울산 북구 동북동쪽 23km 해역
2017-02-16 02:34:56,2.9,15,35.78,129.20,경북 경주시 남남서쪽 7km 지역
2017-02-16 18:20:19,2.3,17,35.64,128.09,경남 합천군 북서쪽 11km 지역
2017-02-18 16:53:49,2.0,15,33.23,126.18,제주 서귀포시 서쪽 35km 해역
2017-02-18 20:58:19,2.4,17,35.23,126.94,광주 북구 북북동쪽 7km 지역
2017-02-21 03:21:11,2.1,14,35.76,129.20,경북 경주시 남쪽 9km 지역
2017-02-22 13:08:50,2.1,14,35.77,129.18,경북 경주시 남남서쪽 8km 지역
2017-02-23 21:03:51,3.1,7,37.40,124.89,인천 백령도 남남동쪽 64km 해역
2017-02-24 11:34:44,2.3,14,36.38,127.79,충북 옥천군 동북동쪽 21km 지역
2017-02-24 12:29:38,2.5,8,38.89,126.09,북한 평양 동남동쪽 33km 지역
2017-02-25 06:58:44,2.2,19,35.74,129.17,경북 경주시 남남서쪽 12km 지역
2017-02-25 06:59:07,2.4,15,35.74,129.18,경북 경주시 남남서쪽 11km 지역
2017-03-04 06:33:12,2.3,7,35.99,127.95,경북 김천시 남서쪽 22km 지역
2017-03-05 07:52:04,2.4,17,35.75,129.17,경북 경주시 남남서쪽 11km 지역
2017-03-05 09:18:27,3.2,13,37.75,129.66,강원 동해시 동북동쪽 54km 해역
2017-03-05 09:28:49,2.4,8,37.74,129.69,강원 동해시 동북동쪽 56km 해역
2017-03-05 15:09:40,2.1,9,37.72,129.59,강원 동해시 동북동쪽 47km 해역
2017-03-05 19:19:07,2.1,7,37.77,129.70,강원 동해시 동북동쪽 58km 해역
2017-03-06 06:21:33,2.0,1,35.75,126.10,전북 부안군 위도 북서쪽 24km 해역
2017-03-07 03:48:07,2.2,20,36.30,128.23,경북 구미시 북북서쪽 23km 지역
2017-03-07 06:53:36,2.6,0,37.75,129.71,강원 동해시 동북동쪽 58km 해역
2017-03-09 02:24:31,2.0,22,35.82,129.78,경북 포항시 남구 동남동쪽 43km 해역
2017-03-14 05:41:43,2.1,22,34.64,127.78,전남 여수시 남동쪽 17km 지역
2017-03-19 03:01:14,2.9,14,33.32,127.18,제주 서귀포시 성산 동남동쪽 29km 해역
2017-03-21 23:19:48,2.4,0,38.52,126.03,북한 황해북도 사리원 동쪽 23km 지역
2017-03-27 09:28:26,2.0,9,35.21,126.95,광주 북구 북동쪽 5km 지역
2017-03-28 00:48:39,2.2,0,37.17,125.48,인천 옹진군 연평도 남남서쪽 58km 해역
2017-03-28 15:45:38,2.0,16,35.79,129.20,경북 경주시 남남서쪽 5km 지역
2017-03-30 21:49:53,2.0,17,35.76,129.19,경북 경주시 남남서쪽 9km 지역
2017-03-31 13:46:09,3.3,17,35.78,129.20,경북 경주시 남남서쪽 7km 지역
2017-03-31 13:53:28,2.5,15,35.78,129.20,경북 경주시 남남서쪽 6km 지역
2017-04-01 16:04:16,2.2,16,35.78,129.20,경북 경주시 남남서쪽 7km 지역
2017-04-04 23:25:52,2.2,21,35.67,129.85,울산 동구 동북동쪽 43km 해역
2017-04-07 00:04:09,2.0,4,35.97,127.80,전북 무주군 동남동쪽 13km 지역
2017-04-08 18:20:49,2.7,11,35.76,129.18,경북 경주시 남남서쪽 9km 지역
2017-04-08 23:13:13,2.1,0,38.72,125.61,북한 황해북도 송림 북북서쪽 2km 지역
2017-04-09 01:45:53,2.1,13,35.76,129.20,경북 경주시 남쪽 9km 지역
2017-04-09 14:12:45,2.4,5,38.99,126.20,북한 평안남도 성천 남쪽 28km 지역
2017-04-10 04:02:49,2.3,17,35.16,128.77,경남 창원시 진해구 동북동쪽 6km 지역
2017-04-15 05:41:52,2.2,15,35.76,129.18,경북 경주시 남남서쪽 9km 지역
2017-04-15 11:31:13,3.1,13,36.11,129.36,경북 포항시 북구 북쪽 8km 지역
2017-04-15 17:16:47,2.0,8,36.11,129.37,경북 포항시 북구 북쪽 8km 지역
2017-04-16 21:39:21,2.2,6,36.70,125.18,충남 태안군 서격렬비도 서북서쪽 33km 해역
2017-04-18 01:17:44,2.0,16,35.76,129.18,경북 경주시 남남서쪽 9km 지역
2017-04-18 17:36:38,2.1,12,35.50,128.88,경남 밀양시 동쪽 12km 지역
2017-04-20 16:00:21,3.2,0,33.77,127.28,전남 여수시 거문도 남쪽 29km 해역
2017-04-28 05:54:29,2.4,5,33.33,127.85,제주 서귀포시 성산 동쪽 90km 해역
2017-04-28 11:19:23,2.1,13,36.60,128.81,경북 안동시 동북동쪽 8km 지역
2017-05-04 01:08:27,2.6,16,36.61,129.44,경북 영덕군 북북동쪽 22km 해역
2017-05-04 21:46:23,2.4,14,36.74,128.10,경북 문경시 북북서쪽 18km 지역
2017-05-05 00:02:55,2.0,15,36.73,128.10,경북 문경시 북북서쪽 18km 지역
2017-05-05 23:16:21,3.0,11,35.32,127.43,전남 구례군 북북서쪽 13km 지역
2017-05-10 14:06:47,2.5,19,35.88,126.19,전북 부안군 위도 북북서쪽 32km 해역
2017-05-10 22:31:14,2.1,16,36.61,129.45,경북 영덕군 북북동쪽 23km 해역
2017-05-13 18:37:23,2.8,15,36.61,129.44,경북 영덕군 북북동쪽 23km 해역
2017-05-16 20:06:49,2.1,0,36.85,124.55,충남 태안군 서격렬비도 서북서쪽 92km 해역
2017-05-16 23:29:02,2.2,6,36.60,128.92,경북 안동시 동북동쪽 17km 지역
2017-05-20 16:29:02,2.0,12,35.92,128.27,경북 성주군 북서쪽 1km 지역
2017-05-20 22:29:33,2.9,15,37.73,129.62,강원 동해시 동북동쪽 50km 해역
2017-05-25 11:20:07,3.0,24,36.96,124.40,충남 태안군 서격렬비도 서북서쪽 109km 해역
2017-05-28 15:47:38,2.7,21,35.67,129.56,울산 북구 동북동쪽 20km 해역
2017-06-04 05:16:11,2.1,18,36.83,128.10,충북 충주시 남동쪽 24km 지역
2017-06-11 18:16:53,2.0,12,37.28,129.21,강원 삼척시 남남동쪽 19km 지역
2017-06-11 20:31:52,2.5,14,35.77,129.17,경북 경주시 남남서쪽 9km 지역
2017-06-13 08:01:51,2.1,17,35.74,129.18,경북 경주시 남남서쪽 11km 지역
2017-06-14 02:43:47,2.2,6,38.34,126.14,북한 황해북도 평산 서쪽 22km 지역
2017-06-15 16:56:24,2.4,13,36.54,125.07,충남 태안군 서격렬비도 서쪽 42km 해역
2017-06-17 14:30:09,2.3,21,33.38,127.21,제주 서귀포시 성산 동쪽 30km 해역
2017-06-20 11:02:37,2.0,12,35.85,129.08,경북 경주시 서쪽 12km 지역
2017-06-27 20:17:18,2.0,15,35.77,129.20,경북 경주시 남남서쪽 8km 지역
2017-06-28 13:00:17,2.7,0,40.00,125.81,북한 평안북도 영변 북쪽 22km 지역
2017-07-05 19:17:30,2.5,5,35.99,127.97,경북 김천시 남서쪽 21km 지역
2017-07-06 06:00:26,2.4,6,36.00,127.94,경북 김천시 남서쪽 22km 지역
2017-07-08 23:45:17,2.8,0,40.40,127.29,북한 함경남도 장진 동북동쪽 5km 지역
2017-07-09 03:43:48,2.1,18,33.51,125.73,제주 제주시 고산 서북서쪽 47km 해역
2017-07-18 10:31:05,2.7,16,37.69,126.19,인천 강화군 서남서쪽 27km 해역
2017-07-19 10:23:35,2.2,28,33.77,126.12,제주 제주시 북서쪽 48km 해역
2017-07-20 14:38:47,2.0,11,37.39,129.54,강원 삼척시 동남동쪽 33km 해역
2017-08-07 20:53:09,2.6,0,38.70,125.63,북한 황해북도 송림 남남서쪽 4km 지역
2017-08-09 13:53:43,2.7,12,33.87,125.52,전남 신안군 흑산면 남쪽 87km 해역
2017-08-15 21:32:10,2.6,0,38.73,125.67,북한 황해북도 송림 동쪽 3km 지역
2017-08-16 00:35:23,2.5,0,38.73,125.69,북한 황해북도 송림 동쪽 5km 지역
2017-08-21 01:30:16,2.1,0,38.82,126.13,북한 평양 동남동쪽 39km 지역
2017-08-29 22:06:49,2.4,7,35.31,125.36,전남 영광군 안마도 서쪽 61km 해역
2017-09-01 05:57:30,2.1,18,36.42,127.21,충남 공주시 동남동쪽 9km 지역
2017-09-07 14:58:07,2.9,19,37.60,125.34,인천 옹진군 연평도 서남서쪽 33km 해역
2017-09-11 17:25:57,3.2,0,35.29,124.16,전남 신안군 흑산면 서북서쪽 139km 해역
2017-09-16 01:34:06,2.2,19,34.25,127.13,전남 여수시 거문도 북서쪽 29km 해역
2017-09-23 13:43:00,2.6,2,41.35,129.06,북한 함경북도 길주 북북서쪽 49km 지역
2017-09-23 17:29:16,3.2,0,41.35,129.06,북한 함경북도 길주 북북서쪽 49km 지역
2017-09-30 15:34:31,2.5,18,33.42,127.15,제주 서귀포시 성산 동쪽 25km 해역
2017-10-04 02:11:48,2.4,22,35.56,129.88,울산 동구 동쪽 42km 해역
2017-10-04 12:10:31,2.1,11,36.16,127.13,충남 논산시 남동쪽 4km 지역
2017-10-08 12:18:28,2.8,16,34.84,127.25,전남 보성군 동북동쪽 17km 지역
2017-10-13 01:41:08,2.7,3,41.39,129.03,북한 함경북도 길주 북북서쪽 54km 지역
2017-10-16 06:08:45,2.8,18,33.86,125.30,전남 신안군 흑산면 남쪽 89km 해역
2017-10-16 15:51:15,2.5,14,35.79,129.19,경북 경주시 남남서쪽 6km 지역
2017-10-18 04:56:03,2.6,16,36.59,129.45,경북 영덕군 북북동쪽 20km 해역
2017-10-20 06:41:59,2.0,13,35.90,127.54,전북 진안군 북동쪽 15km 지역
2017-10-20 12:20:15,2.2,10,38.44,126.16,북한 황해북도 평산 서북서쪽 24km 지역
2017-10-21 13:11:20,2.7,12,33.63,126.05,제주 제주시 고산 북북서쪽 39km 해역
2017-10-29 02:14:56,2.2,12,34.39,127.34,전남 고흥군 남남동쪽 25km 해역
2017-10-30 11:02:10,2.1,10,36.42,126.48,충남 보령시 북서쪽 15km 해역
2017-11-08 09:35:18,2.5,13,33.05,126.20,제주 제주시 고산 남쪽 28km 해역
2017-11-08 17:52:49,2.0,9,35.16,128.57,경남 창원 마산합포구 남쪽 4km 지역
2017-11-09 13:29:42,2.0,16,35.75,129.18,경북 경주시 남남서쪽 10km 지역
2017-11-11 17:18:51,2.2,18,34.84,127.46,전남 순천시 남남서쪽 12km 지역
2017-11-14 02:17:56,2.7,4,37.29,124.82,인천 백령도 남쪽 75km 해역
2017-11-15 14:22:32,2.2,8,36.11,129.36,경북 포항시 북구 북쪽 7km 지역
2017-11-15 14:22:44,2.6,0,36.08,129.31,경북 포항시 북구 북서쪽 7km 지역
2017-11-15 14:29:31,5.4,7,36.11,129.37,경북 포항시 북구 북쪽 8km 지역
2017-11-15 14:32:59,3.6,8,36.10,129.36,경북 포항시 북구 북쪽 7km 지역
2017-11-15 14:46:00,2.5,6,36.12,129.39,경북 포항시 북구 북북동쪽 9km 지역
2017-11-15 14:50:05,2.4,8,36.10,129.36,경북 포항시 북구 북쪽 6km 지역
2017-11-15 14:52:55,2.4,9,36.11,129.35,경북 포항시 북구 북쪽 8km 지역
2017-11-15 14:56:32,2.8,12,36.10,129.35,경북 포항시 북구 북북서쪽 7km 지역
2017-11-15 14:58:19,2.9,0,36.12,129.37,경북 포항시 북구 북쪽 9km 지역
2017-11-15 15:00:54,2.9,8,36.11,129.35,경북 포항시 북구 북쪽 7km 지역
2017-11-15 15:09:49,3.5,8,36.09,129.34,경북 포항시 북구 북북서쪽 6km 지역
2017-11-15 15:14:59,2.5,9,36.11,129.35,경북 포항시 북구 북쪽 8km 지역
2017-11-15 15:19:46,2.4,11,36.14,129.38,경북 포항시 북구 북쪽 11km 지역
2017-11-15 15:23:50,2.6,11,36.09,129.35,경북 포항시 북구 북북서쪽 6km 지역
2017-11-15 15:36:19,2.3,7,36.09,129.33,경북 포항시 북구 북북서쪽 6km 지역
2017-11-15 15:55:00,2.2,10,36.12,129.37,경북 포항시 북구 북쪽 9km 지역
2017-11-15 16:11:00,2.9,12,36.13,129.36,경북 포항시 북구 북쪽 10km 지역
2017-11-15 16:16:17,2.4,8,36.09,129.35,경북 포항시 북구 북북서쪽 6km 지역
2017-11-15 16:18:36,2.0,6,36.14,129.36,경북 포항시 북구 북쪽 11km 지역
2017-11-15 16:49:30,4.3,10,36.12,129.36,경북 포항시 북구 북쪽 9km 지역
2017-11-15 16:57:53,2.2,7,36.14,129.37,경북 포항시 북구 북쪽 11km 지역
2017-11-15 17:11:10,2.8,0,36.08,129.31,경북 포항시 북구 북서쪽 7km 지역
2017-11-15 17:42:53,2.2,10,36.14,129.37,경북 포항시 북구 북쪽 11km 지역
2017-11-15 18:41:46,2.1,11,36.09,129.32,경북 포항시 북구 북서쪽 6km 지역
2017-11-15 18:48:23,2.1,5,36.14,129.38,경북 포항시 북구 북쪽 11km 지역
2017-11-15 18:51:33,2.0,11,36.14,129.38,경북 포항시 북구 북쪽 11km 지역
2017-11-15 18:57:36,2.3,8,36.11,129.35,경북 포항시 북구 북북서쪽 8km 지역
2017-11-15 18:58:26,2.2,8,36.10,129.35,경북 포항시 북구 북북서쪽 7km 지역
2017-11-15 18:59:38,2.1,9,36.11,129.35,경북 포항시 북구 북쪽 8km 지역
2017-11-15 20:54:25,2.4,10,36.10,129.35,경북 포항시 북구 북북서쪽 7km 지역
2017-11-15 21:35:25,2.0,10,36.11,129.36,경북 포항시 북구 북쪽 8km 지역
2017-11-15 21:59:27,2.1,7,36.14,129.36,경북 포항시 북구 북쪽 10km 지역
2017-11-15 22:24:30,2.1,7,36.14,129.38,경북 포항시 북구 북쪽 11km 지역
2017-11-15 22:43:12,2.1,10,36.10,129.36,경북 포항시 북구 북쪽 7km 지역
2017-11-15 23:05:16,2.0,12,36.10,129.36,경북 포항시 북구 북쪽 6km 지역
2017-11-15 23:18:07,2.1,10,36.13,129.38,경북 포항시 북구 북쪽 10km 지역
2017-11-16 00:21:53,2.4,8,36.14,129.35,경북 포항시 북구 북쪽 10km 지역
2017-11-16 00:38:14,2.0,9,36.09,129.35,경북 포항시 북구 북북서쪽 6km 지역
2017-11-16 01:23:12,2.1,11,36.09,129.35,경북 포항시 북구 북북서쪽 6km 지역
2017-11-16 01:36:05,2.5,13,36.14,129.36,경북 포항시 북구 북쪽 10km 지역
2017-11-16 02:37:43,2.3,8,36.14,129.37,경북 포항시 북구 북쪽 11km 지역
2017-11-16 05:03:37,2.0,8,36.08,129.34,경북 포항시 북구 북북서쪽 5km 지역
2017-11-16 05:54:11,2.5,10,36.09,129.34,경북 포항시 북구 북북서쪽 6km 지역
2017-11-16 09:02:42,3.6,8,36.12,129.37,경북 포항시 북구 북쪽 8km 지역
2017-11-16 09:47:28,2.1,11,36.12,129.37,경북 포항시 북구 북쪽 9km 지역
2017-11-16 10:37:34,2.3,11,36.10,129.35,경북 포항시 북구 북북서쪽 6km 지역
2017-11-16 14:04:04,2.3,7,36.13,129.37,경북 포항시 북구 북쪽 10km 지역
2017-11-16 14:31:09,2.0,10,36.10,129.34,경북 포항시 북구 북북서쪽 7km 지역
2017-11-16 16:48:31,2.4,12,36.12,129.36,경북 포항시 북구 북쪽 8km 지역
2017-11-16 17:31:21,2.0,8,36.11,129.37,경북 포항시 북구 북쪽 7km지역
2017-11-16 17:32:49,2.2,8,36.12,129.36,경북 포항시 북구 북쪽 9km지역
2017-11-16 19:05:05,2.4,9,36.12,129.36,경북 포항시 북구 북쪽 9km지역
2017-11-17 01:17:01,2.1,11,36.08,129.33,경북 포항시 북구 북북서쪽 6km지역
2017-11-17 08:25:50,2.1,11,36.12,129.37,경북 포항시 북구 북쪽 8km지역
2017-11-17 18:57:15,2.6,12,36.10,129.35,경북 포항시 북구 북북서쪽 6km 지역
2017-11-19 01:18:38,2.0,8,36.11,129.34,경북 포항시 북구 북북서쪽 8km 지역
2017-11-19 03:33:31,2.4,12,36.09,129.35,경북 포항시 북구 북북서쪽 6km 지역
2017-11-19 05:07:05,2.1,8,36.12,129.38,경북 포항시 북구 북쪽 9km 지역
2017-11-19 06:40:59,2.2,11,36.09,129.34,경북 포항시 북구 북북서쪽 6km 지역
2017-11-19 23:45:47,3.5,9,36.12,129.36,경북 포항시 북구 북쪽 9km 지역
2017-11-20 06:05:15,3.6,12,36.14,129.36,경북 포항시 북구 북쪽 11km 지역
2017-11-21 05:58:34,2.0,13,36.09,129.35,경북 포항시 북구 북쪽 6km 지역
2017-11-21 08:57:29,2.1,9,36.09,129.34,경북 포항시 북구 북북서쪽 5km 지역
2017-11-21 09:53:01,2.4,0,36.11,129.33,경북 포항시 북구 북북서쪽 8km 지역
2017-11-22 12:41:46,2.5,8,36.10,129.35,경북 포항시 북구 북북서쪽 6km 지역
2017-11-22 22:15:41,2.0,8,36.12,129.35,경북 포항시 북구 북쪽 9km 지역
2017-11-23 23:27:05,2.3,14,36.11,129.37,경북 포항시 북구 북쪽 8km 지역
2017-11-24 00:29:56,2.6,0,37.23,125.04,인천 옹진군 연평도 남서쪽 76km 해역
2017-11-24 01:17:27,2.3,8,36.11,129.35,경북 포항시 북구 북쪽 7km 지역
2017-11-24 21:27:25,2.3,13,34.05,125.57,전남 신안군 흑산면 남쪽 68km 해역
2017-11-25 12:51:11,2.0,8,36.10,129.35,경북 포항시 북구 북쪽 7km 지역
2017-11-25 14:10:41,2.3,8,36.11,129.35,경북 포항시 북구 북쪽 7km 지역
2017-11-26 03:13:48,2.9,13,36.69,124.65,충남 태안군 서격렬비도 서쪽 79km 해역
2017-12-01 08:03:26,2.4,7,36.10,129.35,경북 포항시 북구 북북서쪽 7km 지역
2017-12-01 16:23:48,2.7,8,33.24,127.32,제주 서귀포시 성산 동남동쪽 44km 해역
2017-12-02 07:45:56,2.5,0,41.32,129.20,북한 함경북도 길주 북북서쪽 43km 지역
2017-12-03 01:13:47,2.1,13,36.75,128.82,경북 안동시 북북동쪽 22km 지역
2017-12-04 21:55:47,2.5,21,33.42,127.15,제주 서귀포시 성산 동쪽 25km 해역
2017-12-05 21:19:32,2.1,11,36.02,129.45,경북 포항시 남구 동쪽 9km 해역
2017-12-05 23:40:53,2.7,4,41.32,129.13,북한 함경북도 길주 북북서쪽 44km 지역
2017-12-09 01:49:59,2.2,8,36.10,129.35,경북 포항시 북구 북북서쪽 7km 지역
2017-12-09 02:39:18,2.3,9,36.10,129.35,경북 포항시 북구 북북서쪽 7km 지역
2017-12-09 15:13:35,3.0,16,41.32,129.10,북한 함경북도 길주 북북서쪽 45km 지역
2017-12-09 15:40:02,2.8,0,41.31,129.11,북한 함경북도 길주 북북서쪽 43km 지역
2017-12-09 16:15:37,2.3,23,35.61,129.99,울산 동구 동북동쪽 54km 해역
2017-12-12 10:06:04,2.5,0,38.32,126.18,북한 황해북도 평산 서쪽 19km 지역
2017-12-19 13:34:28,2.1,7,35.77,129.42,경북 경주시 동남동쪽 20km 지역
2017-12-20 19:22:34,2.3,18,36.09,125.64,충남 태안군 서격렬비도 남쪽 57km 해역
2017-12-21 12:01:12,2.0,5,36.72,128.01,경북 문경시 북서쪽 21km 지역
2017-12-22 12:35:29,2.2,0,39.31,127.15,북한 함경남도 고원 남남서쪽 15km 지역
2017-12-25 16:19:22,3.5,10,36.11,129.36,경북 포항시 북구 북쪽 8km 지역
2017-12-25 16:32:02,2.1,8,36.11,129.36,경북 포항시 북구 북쪽 7km 지역
2017-12-26 04:05:46,2.2,6,36.14,129.37,경북 포항시 북구 북쪽 11km 지역
2017-12-27 19:27:45,2.8,8,36.11,129.36,경북 포항시 북구 북쪽 7km 지역
2017-12-27 19:42:44,2.3,8,36.11,129.36,경북 포항시 북구 북쪽 7km 지역
2017-12-29 17:40:22,2.1,10,36.11,129.34,경북 포항시 북구 북북서쪽 8km 지역
2017-12-30 19:44:13,2.0,17,35.76,129.17,경북 경주시 남남서쪽 9km 지역
2018-01-01 18:35:01,2.1,0,38.33,126.16,북한 황해북도 평산 서쪽 20km 지역
2018-01-01 19:11:53,2.0,8,36.11,129.36,경북 포항시 북구 북쪽 8km 지역
2018-01-06 02:47:16,2.2,12,37.71,125.94,북한 인천 옹진군 연평도 동북동쪽 21km 해역
2018-01-09 16:17:51,2.1,20,33.98,127.11,전남 여수시 거문도 서남서쪽 19km 해역
2018-01-10 18:42:59,2.0,20,36.26,127.34,대전 서구 남남서쪽 12km 지역
2018-01-24 01:25:17,2.4,16,34.32,127.32,전남 여수시 거문도 북쪽 32km 해역
2018-01-28 20:07:06,3.2,6,40.24,127.30,북한 함경남도 장진 남남동쪽 16km 지역
2018-02-02 12:21:12,2.9,9,36.12,129.37,경북 포항시 북구 북쪽 9km 지역
2018-02-03 11:12:18,2.0,6,36.14,129.36,경북 포항시 북구 북쪽 11km 지역
2018-02-03 12:35:01,2.6,19,33.77,127.40,전남 여수시 거문도 남남동쪽 30km 해역
2018-02-04 15:43:38,2.1,7,36.11,129.36,경북 포항시 북구 북쪽 8km 지역
2018-02-04 18:50:25,2.8,14,36.37,127.62,충북 옥천군 북북동쪽 8km 지역
2018-02-04 22:20:35,2.3,8,36.06,129.31,경북 포항시 북구 서북서쪽 5km 지역
2018-02-06 09:18:33,2.5,12,36.08,129.33,경북 포항시 북구 북서쪽 5km 지역
2018-02-06 19:53:53,2.6,0,41.33,129.10,북한 함경북도 길주 북북서쪽 46Km 지역
2018-02-08 06:46:01,2.7,1,41.32,129.09,북한 함경북도 길주 북북서쪽 45km 지역
2018-02-08 09:56:49,2.7,9,35.10,124.99,전남 신안군 흑산면 북서쪽 67km 해역
2018-02-09 00:43:45,2.5,4,33.92,125.22,전남 신안군 흑산면 남남서쪽 85km 해역
2018-02-10 01:32:38,2.4,10,36.60,125.76,충남 태안군 서격렬비도 동쪽 20km 해역
2018-02-11 05:03:03,4.6,14,36.08,129.33,경북 포항시 북구 북서쪽 5km 지역
2018-02-11 05:07:23,2.5,12,36.08,129.33,경북 포항시 북구 북서쪽 5km 지역
2018-02-11 05:12:06,2.2,11,36.07,129.34,경북 포항시 북구 북서쪽 4km 지역
2018-02-11 05:14:05,2.2,10,36.08,129.33,경북 포항시 북구 북서쪽 5km 지역
2018-02-11 05:18:56,2.1,8,36.07,129.32,경북 포항시 북구 북서쪽 5km 지역
2018-02-11 05:38:06,2.1,10,36.09,129.32,경북 포항시 북구 북서쪽 7km 지역
2018-02-11 08:11:38,2.1,13,36.08,129.34,경북 포항시 북구 북북서쪽 5km 지역
2018-02-11 12:14:28,2.1,9,36.08,129.32,경북 포항시 북구 북서쪽 6km 지역
2018-02-11 12:49:37,2.4,16,36.08,129.33,경북 포항시 북구 북서쪽 5km 지역
2018-02-13 06:30:12,2.6,9,36.07,129.33,경북 포항시 북구 북서쪽 5km 지역
2018-02-13 10:32:10,2.5,10,36.12,129.37,경북 포항시 북구 북쪽 9km 지역
2018-02-14 02:14:26,2.3,8,37.80,125.38,북한 황해남도 옹진 남쪽 14km 해역
2018-02-17 18:35:48,2.0,12,36.11,129.37,경북 포항시 북구 북쪽 8km 지역
2018-02-17 21:31:18,2.6,8,36.09,129.33,경북 포항시 북구 북북서쪽 6km 지역
2018-02-17 23:38:56,2.2,10,36.10,129.35,경북 포항시 북구 북북서쪽 6km 지역
2018-02-18 03:34:27,2.4,9,36.07,129.33,경북 포항시 북구 북서쪽 4km 지역
2018-02-26 02:23:03,2.4,16,33.97,126.87,전남 완도군 남남동쪽 39km 해역
2018-02-26 11:06:57,2.5,6,34.52,125.32,전남 신안군 흑산면 남서쪽 20km 해역
2018-02-27 13:14:45,2.4,13,37.09,124.87,충남 태안군 서격렬비도 북서쪽 80km 해역
2018-03-04 00:52:47,2.6,9,38.13,130.33,경북 울릉군 북서쪽 88km 해역
2018-03-08 23:16:47,2.0,15,35.30,127.33,전남 곡성군 동북동쪽 4km 지역
2018-03-08 23:38:41,2.0,17,35.31,127.32,전남 곡성군 북동쪽 4km 지역
2018-03-09 18:05:37,2.2,7,36.95,126.45,충남 서산시 북쪽 18km 지역
2018-03-10 01:31:39,2.8,6,36.14,129.37,경북 포항시 북구 북쪽 11km 지역
2018-03-16 00:23:23,2.0,6,36.98,128.42,충북 단양군 동남동쪽 5km 지역
2018-03-16 18:02:47,2.7,12,36.10,129.35,경북 포항시 북구 북북서쪽 7km 지역
2018-03-26 09:40:39,2.7,0,37.78,124.84,인천 백령도 남동쪽 24km 해역
2018-03-31 00:20:12,2.0,8,36.10,129.36,경북 포항시 북구 북쪽 7km 지역
2018-04-06 21:09:11,2.6,24,36.08,129.82,경북 포항시 북구 동쪽 41km 해역
2018-04-09 12:15:40,2.4,16,35.76,129.19,경북 경주시 남남서쪽 8km 지역
2018-04-23 04:31:17,2.3,0,41.35,129.12,북한 함경북도 길주 북북서쪽 47km 지역
2018-04-23 13:10:21,2.4,17,33.21,126.40,제주 서귀포시 서남서쪽 16km 해역
2018-04-24 05:20:32,2.5,10,37.06,125.92,인천 옹진군 덕적도 남서쪽 27km 해역
2018-05-01 19:09:05,2.0,15,35.77,129.20,경북 경주시 남쪽 8km 지역
2018-05-02 12:34:36,2.5,11,36.56,127.63,충북 보은군 북서쪽 11km 지역
2018-05-04 19:20:49,2.0,12,36.10,127.70,충북 영동군 남서쪽 11km 지역
2018-05-07 01:52:08,2.0,16,36.72,128.37,경북 예천군 북서쪽 10km 지역
2018-05-14 02:07:38,2.5,16,33.62,125.58,제주 제주시 고산 서북서쪽 65km 해역
2018-05-20 13:58:31,2.0,10,34.16,125.61,전남 신안군 흑산면 남남동쪽 56km 해역
2018-05-22 00:12:41,2.2,18,36.37,129.49,경북 영덕군 동남동쪽 12km 해역
2018-05-31 00:13:22,2.6,17,36.22,129.38,경북 포항시 북구 북쪽 20km 지역
2018-05-31 16:38:15,2.8,8,38.53,127.68,북한 강원 회양 남남동쪽 19km 지역
2018-06-09 17:38:46,2.3,18,35.87,129.73,경북 포항시 남구 동남동쪽 37km 해역
2018-06-15 11:10:02,2.1,14,36.39,128.49,경북 의성군 서북서쪽 19km 지역
2018-06-16 21:05:25,2.3,3,37.19,129.08,강원 삼척시 남남서쪽 30km 지역
2018-06-20 23:06:49,2.1,14,34.90,124.81,전남 신안군 흑산면 서북서쪽 66km 해역
2018-06-28 18:43:00,2.7,9,38.18,127.34,강원 철원군 북북동쪽 4km 지역
2018-06-28 21:03:26,2.2,0,36.99,125.25,충남 태안군 서격렬비도 북북서쪽 50km 해역
2018-07-01 15:33:22,2.2,18,37.63,129.48,강원 삼척시 북동쪽 34km 해역
2018-07-04 04:39:40,2.1,10,37.30,127.70,경기 여주시 동쪽 6km 지역
2018-07-17 20:19:12,2.7,4,35.91,127.81,전북 무주군 남동쪽 17km 지역
2018-07-19 05:52:11,2.5,23,35.83,129.80,경북 포항시 남구 동남동쪽 44km 해역
2018-07-20 12:14:33,2.4,20,36.01,126.16,전북 군산시 어청도 남동쪽 21km 해역
2018-07-20 12:29:33,2.3,21,35.84,129.79,경북 포항시 남구 동남동쪽 43km 해역
2018-07-21 23:30:47,2.2,13,34.47,127.25,전남 고흥군 남남서쪽 16km 해역
2018-07-22 13:59:11,2.9,13,33.41,125.91,제주 제주시 서쪽 58km 해역
2018-08-09 00:21:24,2.1,0,37.03,125.30,충남 태안군 서격렬비도 북북서쪽 51km 해역
2018-08-09 00:23:08,2.1,0,37.03,125.27,충남 태안군 서격렬비도 북북서쪽 53km 해역
2018-08-10 21:41:19,2.4,1,33.21,127.53,제주 서귀포시 동쪽 90km 해역
2018-08-15 03:02:02,2.5,26,37.27,130.63,경북 울릉군 울릉도 남서쪽 34km 해역
2018-08-24 02:57:16,2.6,12,37.92,125.68,북한 황해남도 해주 남남서쪽 14km 지역
2018-08-24 21:28:24,2.1,18,34.33,127.42,전남 고흥군 남남동쪽 34km 해역
2018-08-29 05:01:29,2.5,11,37.00,129.32,경북 울진군 서쪽 7km 지역
2018-09-14 09:08:13,2.2,14,36.78,128.36,경북 문경시 북동쪽 26km 지역
2018-09-15 21:45:44,2.4,0,37.07,129.91,경북 울진군 동쪽 46km 해역
2018-09-17 10:52:48,2.4,12,36.05,129.69,경북 포항시 북구 동쪽 29km 해역
2018-09-24 17:38:25,2.8,0,40.20,127.70,북한 함경남도 신흥 북동쪽 30km 지역
2018-09-25 04:05:47,2.5,16,33.46,125.80,제주 제주시 서쪽 68km 해역
2018-09-27 12:24:32,2.4,0,38.74,125.70,북한 황해북도 송림 동쪽 6km 지역
2018-10-12 16:43:00,2.3,13,38.67,127.18,북한 강원 평강 북북서쪽 30km 지역
2018-10-14 14:46:03,2.4,0,37.49,124.58,인천 옹진군 백령도 남쪽 52km 해역
2018-10-17 03:14:44,2.0,14,36.16,127.30,충남 논산시 동쪽 18km 지역
2018-10-20 01:22:40,2.6,0,37.26,129.96,경북 울진군 동북동쪽 58km 해역
2018-10-22 12:09:26,2.1,11,35.61,124.94,전북 군산시 어청도 서남서쪽 109km 해역
2018-10-24 15:14:21,2.2,7,38.04,125.37,북한 황해남도 옹진 북쪽 12km 지역
2018-10-25 05:53:46,2.3,16,35.76,129.19,경북 경주시 남남서쪽 9km 지역
2018-11-04 17:04:44,2.5,15,36.08,128.25,경북 김천시 동남동쪽 14km 지역
2018-11-05 12:01:55,3.2,2,37.80,124.90,인천 옹진군 백령도 남동쪽 26km 해역
2018-11-05 12:07:15,3.1,15,37.85,124.87,인천 옹진군 백령도 남동쪽 20km 해역
2018-11-19 03:34:49,2.1,19,36.42,127.30,대전 유성구 북서쪽 8km 지역
2018-11-20 14:10:27,2.3,17,33.52,127.29,전남 여수시 거문도 남쪽 57km 해역
2018-11-22 18:36:18,2.2,19,35.91,129.71,경북 포항시 남구 동남동쪽 33km 해역
2018-11-24 08:16:44,2.9,10,38.70,127.16,북한 강원 평강 북북서쪽 34km 지역
2018-11-25 02:58:33,2.2,0,38.73,125.92,북한 황해북도 송림 동쪽 25km 지역
2018-11-25 23:27:27,2.1,12,33.15,126.09,제주 서귀포시 서남서쪽 45km 해역
2018-11-29 03:05:23,3.3,13,34.94,124.53,전남 신안군 흑산도 서북서쪽 92km 해역
2018-11-29 14:52:39,2.1,17,37.32,129.69,경북 울진군 북동쪽 44km 해역
2018-12-05 08:01:08,2.1,17,36.45,129.62,경북 영덕군 동쪽 23km 해역
2018-12-05 08:28:20,2.5,17,36.45,129.62,경북 영덕군 동쪽 23km 해역
2018-12-08 04:16:41,2.4,17,36.31,128.25,경북 구미시 북북서쪽 23km 지역
2018-12-09 14:06:18,2.2,19,35.86,129.69,경북 포항시 남구 동남동쪽 34km 해역
2018-12-12 03:43:04,2.1,12,35.72,126.78,전북 부안군 동남동쪽 4km 지역
2018-12-17 02:16:27,2.2,20,36.53,129.65,경북 영덕군 동북동쪽 28km 해역
2018-12-20 13:23:24,2.0,21,35.88,129.69,경북 포항시 남구 동남동쪽 33km 해역
2018-12-21 16:06:12,2.7,12,35.76,127.95,경남 거창군 북북동쪽 9km 지역
2018-12-27 03:10:48,2.0,5,36.99,128.89,경북 봉화군 북동쪽 18km 지역
2019-01-01 06:49:51,3.1,19,36.53,129.66,경북 영덕군 동북동쪽 29km 해역
2019-01-02 07:20:29,2.8,12,41.30,129.21,북한 함경북도 길주 북북서쪽 40km 지역
2019-01-02 13:12:27,2.2,5,36.77,128.31,경북 문경시 북북동쪽 23km 지역
2019-01-09 03:10:23,3.7,18,37.37,124.23,인천 옹진군 백령도 남남서쪽 76km 해역
2019-01-10 05:31:05,2.5,17,35.79,129.20,경북 경주시 남남서쪽 5km 지역
2019-01-13 21:09:20,2.0,17,37.02,127.93,충북 충주시 북쪽 3km 지역
2019-01-17 21:34:02,2.7,17,33.94,127.62,전남 여수시 거문도 동남동쪽 30km 해역
2019-01-31 19:57:45,2.2,19,36.53,129.66,경북 영덕군 동북동쪽 29km 해역
2019-02-10 12:53:38,4.1,21,36.16,129.90,경북 포항시 북구 동북동쪽 50km 해역
2019-02-10 14:12:38,2.5,21,36.16,129.85,경북 포항시 북구 동북동쪽 45km 해역
2019-02-13 05:16:13,2.7,21,38.90,125.86,북한 평양 남동쪽 17km 지역
2019-02-17 22:19:01,2.6,12,33.29,126.25,제주 서귀포시 서쪽 29km 지역
2019-02-18 05:33:10,2.4,19,36.72,128.41,경북 예천군 북북서쪽 8km 지역
2019-02-20 22:14:47,2.9,14,36.51,125.50,충남 태안군 서격렬비도 남남서쪽 12km 해역
2019-02-25 09:30:34,2.9,10,36.77,129.03,경북 영양군 북북서쪽 14km 지역
2019-02-27 21:22:35,2.2,12,37.31,124.74,인천 옹진군 백령도 남쪽 72km 해역
2019-03-03 14:25:57,2.5,2,39.63,127.12,북한 함경남도 금야 북서쪽 15km 지역
2019-03-09 15:06:45,2.0,12,36.82,128.73,경북 봉화군 남쪽 8km 지역
2019-03-11 04:27:00,2.4,15,33.47,126.40,제주 제주시 서남서쪽 13km 지역
2019-03-13 12:20:20,2.4,13,33.63,126.93,제주 제주시 동북동쪽 40km 해역
2019-03-17 19:28:00,2.3,13,36.34,127.87,충북 옥천군 동쪽 27km 지역
2019-03-19 05:31:06,2.2,11,38.01,126.00,북한 황해남도 해주 동쪽 25km 지역
2019-03-21 04:41:05,2.8,11,41.32,129.09,북한 함경북도 길주 북북서쪽 45km 지역
2019-03-21 07:13:35,2.7,6,37.56,125.20,북한 황해남도 옹진 남남서쪽 43km 해역
2019-03-28 16:21:56,2.2,16,33.62,126.94,제주 제주시 동북동쪽 40km 해역
2019-04-19 11:16:43,4.3,32,37.88,129.54,강원 동해시 북동쪽 54km 해역
2019-04-22 05:45:19,3.8,21,36.86,129.80,경북 울진군 동남동쪽 38km 해역
2019-04-27 01:10:06,2.5,17,33.79,126.09,제주 제주시 북서쪽 52km 해역
2019-05-04 05:43:15,2.4,6,37.42,124.56,인천 옹진군 백령도 남쪽 60km 해역
2019-05-05 16:57:04,2.1,18,36.55,129.54,경북 영덕군 북동쪽 22km 해역
2019-05-10 16:05:58,2.0,12,36.56,129.64,경북 영덕군 동북동쪽 29km 해역
2019-05-13 23:50:38,2.4,17,33.35,127.17,제주 서귀포시 동쪽 58km 해역
2019-05-16 00:35:45,3.3,5,39.15,126.47,북한 평안남도 양덕 서남서쪽 16km 지역
2019-05-17 11:08:33,2.4,6,38.37,126.30,북한 황해북도 평산 서북서쪽 9km 지역
2019-06-11 23:18:53,2.5,19,35.76,129.19,경북 경주시 남남서쪽 9km 지역
2019-06-15 22:07:11,2.2,21,35.71,126.36,전북 부안군 서쪽 34km 해역
2019-06-21 13:20:41,2.5,7,38.81,125.68,북한 황해북도 송림 북북동쪽 9km 지역
2019-06-22 05:43:59,2.7,2,38.81,125.71,북한 황해북도 송림 북동쪽 10km 지역
2019-06-22 05:49:36,3.4,3,38.81,125.70,북한 황해북도 송림 북동쪽 10km 지역
2019-06-23 05:26:22,3.4,3,38.81,125.70,북한 황해북도 송림 북동쪽 10km 지역
2019-06-23 13:15:09,2.4,6,38.75,125.73,북한 황해북도 송림 동쪽 8km 지역
2019-06-23 18:41:15,2.4,16,36.69,128.41,경북 예천군 북서쪽 5km 지역
2019-06-27 15:19:51,3.9,2,38.80,125.69,북한 황해북도 송림 북동쪽 9km 지역
2019-06-27 15:37:27,2.5,3,38.77,125.70,북한 황해북도 송림 북동쪽 7km 지역
2019-06-27 15:39:46,2.1,2,38.75,125.71,북한 황해북도 송림 동북동쪽 7km 지역
2019-07-02 20:51:51,2.7,21,35.88,129.69,경북 포항시 남구 동남동쪽 33km 해역
2019-07-08 14:04:44,2.2,20,37.89,129.55,강원 동해시 북동쪽 56km 해역
2019-07-10 01:55:40,2.1,6,38.70,125.73,북한 황해북도 송림 동남동쪽 9km 지역
2019-07-20 00:38:40,2.0,15,36.33,128.08,경북 상주시 남서쪽 11km 지역
2019-07-21 11:04:18,3.9,14,36.50,128.10,경북 상주시 북북서쪽 11km 지역
2019-07-22 01:15:45,2.0,13,35.82,125.56,전북 군산시 어청도 남서쪽 50km 해역
2019-07-25 01:46:09,2.8,13,37.35,129.84,경북 울진군 북동쪽 56km 해역
2019-07-30 05:45:15,2.1,6,35.00,128.30,경남 고성군 북서쪽 4km 지역
2019-08-09 19:30:43,2.2,2,39.31,124.71,북한 평안북도 철산 남쪽 51km 해역
2019-08-10 22:45:57,2.3,18,33.78,126.92,전남 여수시 거문도 남서쪽 45km 해역
2019-08-11 18:19:50,2.1,10,37.97,124.63,인천 옹진군 백령도 서북서쪽 5km 지역
2019-08-20 10:34:52,2.8,22,33.57,124.81,전남 신안군 흑산도 남남서쪽 135km 해역
2019-08-23 19:50:48,2.7,7,37.96,124.69,인천 옹진군 백령도 북동쪽 1km 지역
2019-08-28 14:22:29,2.5,26,36.24,130.01,경북 영덕군 동남동쪽 61km 해역
2019-09-01 12:58:34,2.3,16,39.51,126.10,북한 평안남도 개천 남동쪽 27km 지역
2019-09-07 23:38:06,2.0,14,35.48,129.54,울산 동구 동남동쪽 12km 해역
2019-09-11 04:52:07,2.0,9,38.13,127.09,경기 연천군 북북동쪽 4km 지역
2019-09-19 18:19:05,2.6,6,33.65,124.99,전남 신안군 흑산도 남남서쪽 120km 해역
2019-09-21 15:11:16,3.5,17,38.67,127.17,북한 강원 평강 북북서쪽 31km 지역
2019-09-22 11:07:27,3.3,17,34.16,125.16,전남 신안군 흑산도 남남서쪽 62km 해역
2019-09-26 02:57:31,2.3,8,36.09,129.33,경북 포항시 북구 북북서쪽 6km 지역
2019-10-02 22:36:57,2.3,11,38.79,125.78,북한 황해북도 송림 동북동쪽 14km 지역
2019-10-04 03:57:23,2.6,9,35.47,128.86,경남 밀양시 동남동쪽 11km 지역
2019-10-12 20:46:03,2.5,17,35.18,129.77,울산 동구 남동쪽 48km 해역
2019-10-13 19:52:44,2.0,20,36.53,129.65,경북 영덕군 동북동쪽 28km 해역
2019-10-15 22:30:59,2.3,3,38.77,125.71,북한 황해북도 송림 동북동쪽 8km 지역
2019-10-20 00:05:10,2.2,10,33.41,125.13,제주 제주시 서쪽 130km 해역
2019-10-27 15:37:26,3.4,11,35.41,128.49,경남 창녕군 남쪽 15km 지역
2019-10-30 02:01:41,2.3,5,36.68,128.61,경북 안동시 북서쪽 16km 지역
2019-10-31 16:29:34,2.1,3,37.24,126.11,인천 옹진군 서남서쪽 52km 지역
2019-11-09 23:14:14,2.4,9,37.62,124.65,인천 옹진군 백령도 남쪽 37km 해역
2019-11-21 06:08:07,2.3,6,35.13,124.93,전남 신안군 흑산도 북서쪽 73km 해역
2019-11-21 19:55:50,2.4,12,33.83,128.09,전남 여수시 거문도 동남동쪽 75km 해역
2019-11-29 12:04:43,2.0,21,36.86,129.79,경북 울진군 동남동쪽 38km 해역
2019-12-04 17:19:20,2.6,9,33.94,124.70,전남 신안군 흑산도 남서쪽 106km 해역
2019-12-08 12:09:24,2.0,0,35.12,124.96,전남 신안군 흑산도 북서쪽 70km 해역
2019-12-12 20:29:55,2.1,21,33.55,126.92,제주 제주시 동쪽 36km 해역
2019-12-15 14:15:40,2.0,11,37.16,126.22,충남 서산시 북북서쪽 46km 해역
2019-12-17 16:00:30,2.1,11,38.01,126.00,북한 황해남도 해주 동쪽 25km 지역
2019-12-24 06:19:16,2.4,18,33.29,127.16,제주 서귀포시 동쪽 56km 해역
2019-12-29 08:43:26,2.3,17,33.33,127.16,제주 서귀포시 동쪽 56km 해역
2019-12-30 00:32:08,3.5,20,35.56,128.90,경남 밀양시 동북동쪽 15km 지역
2019-12-30 01:44:02,2.1,19,35.56,128.90,경남 밀양시 동북동쪽 15km 지역
2020-01-08 06:03:00,2.0,17,35.91,128.38,경북 성주군 동쪽 9km 지역
2020-01-15 22:46:11,2.1,8,37.11,128.29,충북 제천시 동남동쪽 9km 지역
2020-01-29 09:33:47,2.5,1,41.29,129.11,북한 함경북도 길주 북북서쪽 41km 지역
2020-01-30 00:52:52,3.2,21,36.59,128.12,경북 상주시 북쪽 20km 지역
2020-02-09 14:41:26,2.4,9,35.77,129.03,경북 경주시 서남서쪽 18km 지역
2020-02-16 20:03:35,2.7,19,36.26,130.49,경북 영덕군 동쪽 102km 해역
2020-02-29 22:02:19,2.7,8,38.46,126.17,북한 황해북도 평산 북서쪽 24km 지역
2020-02-29 22:03:50,2.4,8,38.45,126.17,북한 황해북도 평산 북서쪽 24km 지역
2020-03-10 01:16:33,2.0,12,35.44,125.54,전북 군산시 어청도 남남서쪽 85km 해역
2020-03-20 16:02:45,2.7,9,35.39,128.01,경남 산청군 동남동쪽 13km 지역
2020-04-03 19:44:35,2.2,0,38.75,125.72,북한 황해북도 송림 동북동쪽 8km 지역
2020-04-18 07:36:28,2.3,14,37.58,126.14,인천 강화군 서남서쪽 36km 해역
2020-04-22 20:54:26,2.1,9,38.11,130.01,강원 동해시 북동쪽 102km 해역
2020-04-24 02:07:22,2.3,15,35.30,125.54,전남 신안군 흑산도 북쪽 73km 해역
2020-04-27 11:07:10,2.8,6,35.80,127.53,전북 장수군 북쪽 17km 지역
2020-04-28 12:06:53,2.4,10,36.16,127.43,충남 금산군 북서쪽 8km 지역
2020-04-28 12:52:01,2.1,22,34.66,126.41,전남 해남군 서북서쪽 20km 지역
2020-04-29 15:10:47,2.4,3,39.39,126.13,북한 평안남도 성천 북북서쪽 18km 지역
2020-04-30 07:13:13,2.4,21,34.66,126.40,전남 해남군 서북서쪽 21km 지역
2020-05-02 02:57:02,2.3,21,34.66,126.40,전남 해남군 서북서쪽 21km 지역
2020-05-03 22:07:14,3.1,21,34.66,126.40,전남 해남군 서북서쪽 21km 지역
2020-05-05 06:44:29,2.4,0,38.47,126.16,북한 황해북도 평산 북서쪽 26km 지역
2020-05-07 02:07:31,2.1,17,34.77,124.68,전남 신안군 흑산도 서쪽 73km 해역
2020-05-09 01:57:39,2.2,21,34.66,126.40,전남 해남군 서북서쪽 21km 지역
2020-05-09 12:27:08,2.2,8,38.87,126.22,북한 평안남도 성천 남쪽 41km 지역
2020-05-11 19:45:06,3.8,16,38.68,127.18,북한 강원 평강 북북서쪽 32km 지역
2020-05-13 15:19:02,2.8,12,36.10,127.34,전북 완주군 북동쪽 27km 지역
2020-05-22 21:18:32,2.1,11,37.67,125.00,북한 황해남도 옹진 남서쪽 43km 해역
2020-05-27 19:23:28,2.8,6,36.01,128.01,경북 김천시 남남서쪽 17km 지역
2020-06-04 02:21:01,2.5,6,38.75,125.69,북한 황해북도 송림 동북동쪽 5km 지역
2020-06-08 00:52:10,2.1,5,36.01,128.01,경북 김천시 남남서쪽 17km 지역
2020-06-21 09:49:52,2.3,9,38.47,128.52,강원 고성군 북북동쪽 11km 해역
2020-06-23 19:58:05,2.1,6,37.86,126.90,경기 파주시 북동쪽 15km 지역
2020-06-24 03:28:47,2.5,0,38.66,125.95,북한 황해북도 사리원 북동쪽 24km 지역
2020-07-03 13:59:31,2.3,6,37.18,128.71,강원 영월군 동쪽 22km 지역
2020-07-07 14:08:23,3.3,12,37.19,125.55,인천 옹진군 연평도 남남서쪽 54km 해역
2020-07-11 22:38:55,2.7,0,37.88,129.58,강원 동해시 북동쪽 57km 해역
2020-07-15 15:20:47,2.4,0,34.88,124.68,전남 신안군 흑산도 서북서쪽 77km 해역
2020-07-20 19:02:00,2.0,11,34.53,128.14,경남 남해군 남남동쪽 41km 해역
2020-07-25 00:34:06,2.2,7,34.06,125.54,전남 신안군 흑산도 남쪽 66km 해역
2020-08-01 02:58:47,2.0,17,38.65,127.16,북한 강원 평강 북북서쪽 29km 지역
2020-08-01 13:15:06,2.0,19,36.77,128.48,경북 예천군 북쪽 13km 지역
2020-08-05 01:22:48,2.0,7,38.85,125.71,북한 황해북도 송림 북북동쪽 14km 지역
2020-08-07 21:27:43,2.4,1,41.30,129.09,북한 함경북도 길주 북북서쪽 43km 지역
2020-08-21 03:52:51,2.5,14,37.91,125.93,북한 황해남도 해주 남동쪽 24km 지역
2020-09-02 19:43:06,2.3,4,34.38,126.20,전남 진도군 남남서쪽 13km 지역
2020-09-12 13:31:05,2.4,15,36.03,128.40,경북 칠곡군 북쪽 4km 지역
2020-09-13 00:54:03,2.9,15,37.64,124.60,인천 옹진군 백령도 남남서쪽 35km 해역
2020-09-20 01:22:14,2.2,17,36.51,127.14,충남 공주시 북북동쪽 7km 지역
2020-09-22 20:08:54,2.1,15,36.60,129.37,경북 영덕군 북쪽 21km 지역
2020-10-02 21:31:23,2.5,0,38.74,125.89,북한 황해북도 송림 동쪽 22km 지역
2020-10-02 22:29:50,2.6,0,38.74,125.90,북한 황해북도 송림 동쪽 23km 지역
2020-10-03 01:37:30,2.3,0,38.83,126.03,북한 황해북도 연산 서남서쪽 20km 지역
2020-10-07 04:05:32,2.1,22,33.92,127.44,전남 여수시 거문도 남동쪽 16km 해역
2020-10-09 04:38:14,2.1,15,35.75,129.17,경북 경주시 남남서쪽 13km 지역
2020-10-24 15:09:01,2.1,21,33.93,127.45,전남 여수시 거문도 남동쪽 16km 해역
2020-10-25 19:10:49,2.5,17,33.89,125.65,전남 진도군 남서쪽 87km 해역
2020-11-04 04:41:54,2.8,2,38.79,125.72,북한 황해북도 송림 북동쪽 10km 지역
2020-11-04 07:23:48,2.2,23,35.83,129.78,경북 포항시 남구 동남동쪽 43km 해역
2020-11-04 16:50:30,2.4,22,35.84,129.79,경북 포항시 남구 동남동쪽 43km 해역
2020-11-06 18:27:23,2.0,8,36.43,128.14,경북 상주시 북서쪽 3km 지역
2020-11-08 15:26:09,2.9,9,36.41,128.22,경북 상주시 동쪽 5km 지역
2020-11-15 00:00:29,2.1,17,35.76,129.18,경북 경주시 남남서쪽 11km 지역
2020-11-17 03:10:29,2.6,4,41.28,129.18,북한 함경북도 길주 북북서쪽 38km 지역
2020-11-19 23:17:28,3.1,15,37.99,125.37,북한 황해남도 옹진 북쪽 7km 지역
2020-12-15 17:15:31,2.3,16,37.70,125.17,북한 황해남도 옹진 남남서쪽 31km 해역
2020-12-18 17:17:23,2.7,16,37.66,129.32,강원 동해시 북동쪽 24km 해역
2020-12-23 21:28:20,2.2,12,37.73,126.73,경기 파주시 남서쪽 6km 지역
2021-01-14 08:17:28,2.1,0,36.86,125.43,충남 태안군 서격렬비도 북북서쪽 30km 해역
2021-01-24 06:23:05,2.1,11,35.84,125.14,전북 군산시 어청도 서남서쪽 81km 해역
2021-02-03 12:17:56,2.2,8,37.32,126.24,인천 옹진군 서남서쪽 38km 해역
2021-02-06 04:40:03,2.7,5,35.81,127.53,전북 장수군 북쪽 18km 지역
2021-02-08 03:37:34,3.2,24,40.67,127.45,북한 함경남도 장진 북북동쪽 37km 지역
2021-02-08 07:46:51,2.3,24,40.64,127.62,북한 함경남도 장진 북동쪽 43km 지역
2021-02-10 19:28:18,2.1,9,37.32,126.24,인천 옹진군 서남서쪽 38km 해역
2021-02-15 18:59:25,2.5,14,35.99,126.84,전북 군산시 동북동쪽 10km 지역
2021-02-21 09:03:34,2.2,18,35.47,126.34,전남 영광군 북서쪽 27km 해역
2021-03-16 02:51:52,2.6,18,35.76,129.19,경북 경주시 남남서쪽 11km 지역
2021-04-13 21:56:15,2.0,13,36.02,126.91,전북 익산시 북북서쪽 9km 지역
2021-04-16 01:43:23,2.2,11,37.29,127.71,경기 여주시 동쪽 7km 지역
2021-04-19 14:20:27,3.7,15,35.07,125.08,전남 신안군 흑산도 북서쪽 54km 해역
2021-04-19 15:48:52,2.7,20,41.28,129.13,북한 함경북도 길주 북북서쪽 40km 지역
2021-04-20 02:13:27,2.6,15,35.08,125.05,전남 신안군 흑산도 북서쪽 57km 해역
2021-04-23 02:41:27,2.2,6,40.49,127.51,북한 함경남도 장진 동북동쪽 26km 지역
2021-04-25 17:07:59,2.3,5,37.48,124.36,인천 옹진군 백령도 남남서쪽 60km 해역
2021-04-28 12:00:40,2.5,20,35.65,129.79,울산 동구 동북동쪽 37km 해역
2021-04-29 05:12:25,2.0,18,35.65,129.83,울산 동구 동북동쪽 41km 해역
2021-04-30 16:15:04,2.1,7,35.52,128.88,경남 밀양시 동쪽 12km 지역
2021-05-13 06:04:28,2.0,10,35.89,127.33,전북 완주군 동쪽 15km 지역
2021-05-26 06:13:24,2.2,0,35.83,124.56,충남 태안군 서격렬비도 남서쪽 124km 해역
2021-05-30 23:53:53,2.4,9,38.73,126.06,북한 황해북도 연산 남서쪽 23km 지역
2021-06-07 18:34:02,2.1,13,33.68,128.07,전남 여수시 거문도 동남동쪽 80km 해역
2021-06-13 06:13:51,2.0,26,36.97,130.34,경북 울릉군 울릉도 남서쪽 76km 해역
2021-06-13 23:57:32,2.5,15,41.29,129.13,북한 함경북도 길주 북북서쪽 41km 지역
2021-06-14 22:42:17,2.4,20,35.81,129.77,경북 포항시 남구 동남동쪽 43km 해역
2021-07-07 06:57:27,2.3,20,36.77,128.46,경북 예천군 북쪽 14km 지역
2021-07-26 06:50:56,2.2,14,36.32,128.21,경북 상주시 남남동쪽 11km 지역
2021-07-31 05:17:10,2.5,22,35.65,128.40,대구 달성군 남남서쪽 14km 지역
2021-08-01 14:19:26,2.2,13,35.65,129.53,울산 북구 동북동쪽 17km 해역
2021-08-15 09:32:43,2.0,18,35.10,129.78,부산 기장군 동남동쪽 53km 해역
2021-08-18 16:57:11,2.1,0,35.10,129.84,부산 기장군 동남동쪽 58km 해역
2021-08-20 22:26:52,2.1,5,38.37,127.99,북한 강원 회양 남동쪽 50km 지역
2021-08-21 09:40:40,4.0,7,35.70,124.70,전북 군산시 어청도 서남서쪽 124km 해역
2021-08-26 15:58:14,2.3,17,35.07,125.12,전남 신안군 흑산도 북북서쪽 52km 해역
2021-08-28 07:03:22,2.2,15,35.00,127.73,전남 광양시 북북동쪽 7km 지역
2021-08-29 13:03:23,2.2,9,35.31,128.49,경남 함안군 동북동쪽 9km 지역
2021-08-29 18:47:20,2.6,15,36.98,125.02,충남 태안군 서격렬비도 북서쪽 62km 해역
2021-09-01 18:39:52,2.4,15,41.30,129.13,북한 함경북도 길주 북북서쪽 42km 지역
2021-09-11 03:47:27,2.1,8,41.29,129.15,북한 함경북도 길주 북북서쪽 40km 지역
2021-09-12 02:04:46,2.1,13,35.53,128.53,경남 창녕군 동남동쪽 4km 지역
2021-09-14 03:36:01,2.2,16,35.41,128.78,경남 밀양시 남남동쪽 11km 지역
2021-09-17 05:30:13,2.2,8,36.71,126.12,충남 태안군 서남서쪽 16km 지역
2021-09-20 06:58:49,2.2,8,34.88,127.25,전남 보성군 북동쪽 20km 지역
2021-09-23 12:02:43,2.6,16,35.42,128.49,경남 창녕군 남쪽 14km 지역
2021-10-06 21:55:48,2.5,13,35.25,127.86,경남 하동군 북북동쪽 23km 지역
2021-10-17 23:13:56,2.4,33,41.26,129.45,북한 함경북도 길주 북북동쪽 36km 지역
2021-10-19 06:41:35,2.6,0,40.37,127.28,북한 함경남도 장진 동남동쪽 4km 지역
2021-10-19 06:45:03,2.8,0,40.41,127.27,북한 함경남도 장진 북동쪽 4km 지역
2021-10-19 22:13:31,2.2,22,35.90,129.75,경북 포항시 남구 동남동쪽 37km 해역
2021-10-22 06:51:48,2.4,14,36.90,128.22,충북 제천시 남쪽 26km 지역
2021-11-12 01:31:05,2.1,8,36.15,129.38,경북 포항시 북구 북쪽 12km 지역
2021-11-16 11:57:58,2.1,18,35.06,125.06,전남 신안군 흑산도 북서쪽 54km 해역
2021-11-16 20:53:24,2.1,8,34.50,125.90,전남 진도군 서쪽 33km 해역
2021-11-17 01:39:11,2.9,19,35.66,129.75,울산 동구 동북동쪽 35km 해역
2021-11-19 02:35:08,2.2,11,33.85,124.77,전남 신안군 흑산도 남남서쪽 109km 해역
2021-11-22 05:19:31,2.1,7,35.48,127.11,전북 순창군 북북서쪽 12km 지역
2021-12-04 12:33:22,2.3,20,38.02,124.52,인천 옹진군 백령도 서북서쪽 16km 해역
2021-12-09 10:57:47,2.6,17,33.85,125.51,전남 신안군 흑산도 남쪽 91km 해역
2021-12-14 17:19:14,4.9,17,33.09,126.16,제주 서귀포시 서남서쪽 41km 해역
2021-12-15 15:06:47,2.8,14,33.14,126.15,제주 서귀포시 서남서쪽 40km 해역
2021-12-15 22:02:14,2.3,10,35.79,127.80,경남 거창군 북서쪽 15km 지역
2021-12-17 06:22:10,3.2,18,33.12,126.18,제주 서귀포시 서남서쪽 38km 해역
2021-12-30 14:21:35,2.3,19,41.31,129.21,북한 함경북도 길주 북북서쪽 41km 지역
2021-12-30 17:54:56,2.2,14,41.30,129.17,북한 함경북도 길주 북북서쪽 41km 지역
2022-01-28 06:46:53,2.3,9,34.37,127.30,전남 고흥군 남쪽 26km 해역
2022-02-02 12:04:55,2.4,19,35.72,128.99,경북 청도군 동북동쪽 24km 지역
2022-02-04 02:47:44,2.3,16,37.41,129.51,강원 삼척시 동쪽 31km 해역
2022-02-08 15:57:13,2.9,16,35.07,125.06,전남 신안군 흑산도 북서쪽 55km 해역
2022-02-10 17:20:34,2.2,19,35.29,126.59,전남 영광군 동북동쪽 7km 지역
2022-02-11 10:35:26,3.1,17,41.30,129.21,북한 함경북도 길주 북북서쪽 40km 지역
2022-02-14 14:33:22,2.3,22,41.27,129.24,북한 함경북도 길주 북북서쪽 36km 지역
2022-02-14 19:47:27,2.3,18,41.28,129.26,북한 함경북도 길주 북쪽 37km 지역
2022-02-15 06:52:28,2.5,29,41.29,129.23,북한 함경북도 길주 북북서쪽 38km 지역
2022-02-24 12:07:10,2.2,21,34.00,127.59,전남 여수시 거문도 동쪽 25km 해역
2022-02-28 21:31:28,2.1,24,41.25,129.28,북한 함경북도 길주 북쪽 33km 지역
2022-03-04 02:15:37,2.1,29,41.24,129.22,북한 함경북도 길주 북북서쪽 33km 지역
2022-03-05 22:16:21,2.4,12,36.39,127.13,충남 공주시 남쪽 6km 지역
2022-03-06 18:40:32,2.5,18,37.31,129.54,강원 삼척시 동남동쪽 37km 해역
2022-03-15 00:22:27,2.0,12,39.42,126.19,북한 평안남도 성천 북쪽 20km 지역
2022-03-16 18:18:18,2.3,1,33.70,125.06,전남 신안군 흑산도 남남서쪽 113km 해역
2022-04-03 14:19:19,2.0,11,35.69,129.35,경북 경주시 남남동쪽 22km 지역
2022-04-09 10:55:42,2.2,19,36.54,128.08,경북 상주시 북북서쪽 16km 지역
2022-04-10 02:45:46,3.4,18,36.45,129.62,경북 영덕군 동쪽 23km 해역
2022-04-12 14:56:28,2.4,14,36.82,129.47,경북 울진군 남남동쪽 20km 해역
2022-04-16 02:08:34,2.6,18,34.75,127.26,전남 고흥군 북쪽 16km 지역
2022-04-17 23:33:29,2.3,9,35.22,128.60,경남 창원시 마산회원구 동쪽 2km 지역
2022-04-18 14:22:38,2.3,11,37.26,126.10,인천 옹진군 서남서쪽 52km 지역
2022-04-21 02:34:32,2.3,0,38.85,125.78,북한 황해북도 송림 북동쪽 18km 지역
2022-04-30 09:20:21,2.3,10,38.98,127.29,북한 강원 원산 남남서쪽 24km 지역
2022-05-13 06:50:56,2.3,21,33.34,127.22,제주 서귀포시 동쪽 62km 해역
2022-06-02 20:48:21,2.6,26,38.12,130.98,경북 울릉군 울릉도 북쪽 71km 해역
2022-06-29 15:26:06,2.3,21,35.89,129.70,경북 포항시 남구 동남동쪽 33km 해역
2022-06-30 02:55:34,2.1,18,35.90,129.73,경북 포항시 남구 동남동쪽 35km 해역
2022-06-30 22:51:52,2.3,6,37.02,128.98,경북 봉화군 동북동쪽 26km 지역
2022-07-03 07:54:23,2.6,13,33.31,127.45,전남 여수시 거문도 남쪽 81km 해역
2022-07-12 00:41:25,2.1,10,33.14,127.65,제주 서귀포시 동쪽 102km 해역
2022-07-12 00:44:03,2.2,10,33.14,127.66,제주 서귀포시 동쪽 103km 해역
2022-07-12 09:56:02,2.3,6,33.12,127.64,제주 서귀포시 동쪽 102km 해역
2022-07-12 10:09:03,2.7,7,33.11,127.66,제주 서귀포시 동쪽 104km 해역
2022-07-12 10:38:30,2.6,6,33.13,127.66,제주 서귀포시 동쪽 103km 해역
2022-07-16 13:53:36,2.1,14,33.64,128.11,전남 여수시 거문도 동남동쪽 85km 해역
2022-07-20 16:19:50,2.0,17,36.29,126.87,충남 부여군 서북서쪽 4km 지역
2022-07-21 04:46:57,2.3,13,35.79,129.20,경북 경주시 남남서쪽 8km 지역
2022-07-21 18:38:09,2.3,10,36.80,126.25,충남 태안군 북서쪽 7km 지역
2022-07-23 06:27:14,2.5,1,38.45,125.63,북한 황해북도 사리원 서남서쪽 13km 지역
2022-07-23 16:21:48,2.4,3,38.44,125.63,북한 황해북도 사리원 서남서쪽 14km 지역
2022-07-29 05:36:56,2.6,13,35.39,128.24,경남 의령군 북북서쪽 8km 지역
2022-07-31 22:05:06,2.6,1,38.44,125.62,북한 황해남도 안악 남동쪽 13km 지역
2022-08-03 07:55:25,3.1,8,33.14,127.67,전남 여수시 거문도 남남동쪽 104km 해역
2022-08-12 19:37:47,2.7,6,37.41,124.53,인천 옹진군 백령도 남남서쪽 62km 해역
2022-08-16 20:27:25,2.4,0,38.80,125.95,북한 황해북도 연산 서남서쪽 28km 지역
2022-08-22 13:29:26,2.4,2,34.75,124.30,전남 신안군 흑산도 서쪽 103km 해역
2022-08-24 18:31:24,2.1,20,36.47,129.62,경북 영덕군 동북동쪽 24km 해역
2022-08-28 01:54:23,2.4,12,37.17,125.42,인천 옹진군 연평도 남남서쪽 60km 해역
2022-09-01 08:33:53,2.5,0,35.11,125.07,전남 신안군 흑산도 북북서쪽 58km 해역
2022-09-03 00:44:46,2.0,18,36.39,129.89,경북 영덕군 동쪽 47km 해역
2022-09-10 14:59:48,3.4,7,38.95,127.29,북한 강원 원산 남남서쪽 26km 지역
2022-09-11 16:28:35,2.4,13,36.46,129.63,경북 영덕군 동북동쪽 24km 해역
2022-09-22 20:28:37,2.9,10,40.57,126.71,북한 자강도 용림 북북동쪽 7km 지역
2022-09-23 07:40:30,2.3,3,35.69,124.59,충남 태안군 서격렬비도 남서쪽 134km 해역
2022-10-01 04:37:53,2.7,14,36.94,127.13,충남 천안시 서북구 북북서쪽 7km 지역
2022-10-08 02:54:49,2.5,23,41.30,129.13,북한 함경북도 길주 북북서쪽 42km 지역
2022-10-08 14:33:34,2.4,14,41.29,129.21,북한 함경북도 길주 북북서쪽 39km 지역
2022-10-29 08:27:33,3.5,13,36.88,127.88,충북 괴산군 북동쪽 11km 지역
2022-10-29 08:27:49,4.1,12,36.88,127.88,충북 괴산군 북동쪽 11km 지역
2022-10-29 08:29:09,2.2,13,36.88,127.87,충북 괴산군 북동쪽 10km 지역
2022-10-29 08:29:18,2.9,11,36.88,127.88,충북 괴산군 북동쪽 11km 지역
2022-11-01 02:27:52,2.9,14,36.88,127.88,충북 괴산군 북동쪽 11km 지역
2022-11-03 11:36:00,2.1,10,35.47,124.90,전남 신안군 흑산도 북북서쪽 101km 해역
2022-11-05 13:21:22,2.5,11,36.97,126.38,충남 서산시 북북서쪽 22km 해역
2022-11-08 00:45:45,2.1,8,33.30,127.78,전남 여수시 거문도 남남동쪽 92km 해역
2022-11-13 12:17:41,2.1,17,35.07,125.07,전남 신안군 흑산도 북서쪽 55km 해역
2022-11-18 03:12:14,2.2,6,35.52,124.35,전남 신안군 흑산도 북서쪽 136km 해역
2022-11-20 01:01:17,3.3,20,33.96,125.22,전남 신안군 흑산도 남남서쪽 81km 해역
2022-11-20 15:21:41,2.0,11,41.29,129.22,북한 함경북도 길주 북북서쪽 38km 지역
2022-11-29 05:31:36,2.1,0,38.43,125.63,북한 황해북도 사리원 남서쪽 14km 지역
2022-12-01 15:17:58,3.2,14,36.17,128.27,경북 김천시 동북동쪽 14km 지역
2022-12-03 13:22:58,2.9,21,35.77,129.80,울산 북구 동북동쪽 45km 해역
2022-12-16 12:07:11,2.1,26,41.30,129.22,북한 함경북도 길주 북북서쪽 39km 지역
2022-12-23 19:43:17,2.3,0,35.14,125.08,전남 신안군 흑산도 북북서쪽 61km 해역
2022-12-25 19:31:07,2.6,14,36.51,128.65,경북 안동시 남서쪽 10km 지역
2023-01-05 00:28:05,2.4,24,33.38,127.23,제주 서귀포시 동북동쪽 64km 해역
2023-01-07 05:12:17,2.4,14,34.52,124.90,전남 신안군 흑산도 서남서쪽 50km 해역
2023-01-07 05:16:03,2.2,14,34.56,124.95,전남 신안군 흑산도 서남서쪽 45km 해역
2023-01-09 01:28:15,3.7,19,37.74,126.20,인천 강화군 서쪽 25km 해역
2023-01-13 12:23:51,2.1,11,35.09,125.07,전남 신안군 흑산도 북서쪽 57km 해역
2023-01-14 05:56:44,2.1,11,35.08,125.07,전남 신안군 흑산도 북서쪽 56km 해역
2023-01-21 13:37:39,2.5,15,36.46,129.63,경북 영덕군 동북동쪽 24km 해역
2023-01-23 07:33:45,2.9,15,37.90,125.71,북한 황해남도 해주 남쪽 16km 해역
2023-02-09 01:10:04,2.1,10,41.29,129.27,북한 함경북도 길주 북쪽 38km 지역
2023-02-11 08:22:01,2.3,13,36.52,127.85,충북 보은군 동북동쪽 11km 지역
2023-02-19 07:29:52,2.5,8,34.67,127.36,전남 고흥군 북동쪽 11km 지역
2023-03-03 11:26:54,3.0,8,35.21,127.94,경남 진주시 서북서쪽 16km 지역
2023-03-07 15:13:32,2.1,16,36.79,125.63,충남 태안군 서격렬비도 북북동쪽 21km 해역
2023-03-10 00:13:23,2.1,9,41.27,129.06,북한 함경북도 길주 북북서쪽 42km 지역
2023-03-14 02:18:42,2.4,20,41.27,129.14,북한 함경북도 길주 북북서쪽 38km 지역
2023-03-22 02:09:17,2.0,24,35.03,124.43,전남 신안군 흑산도 서북서쪽 99km 해역
2023-03-23 08:35:53,2.0,16,33.56,125.66,제주 제주시 서쪽 81km 해역
2023-03-25 18:35:48,2.5,5,37.19,125.27,인천 옹진군 연평도 남서쪽 65km 해역
2023-03-30 05:47:56,2.9,22,35.64,125.22,전북 군산시 어청도 남서쪽 86km 해역
2023-04-01 23:26:21,2.3,19,38.96,124.31,북한 평안북도 철산 남남서쪽 95km 해역
2023-04-06 00:51:49,2.7,12,37.94,125.60,북한 황해남도 해주 남서쪽 15km 지역
2023-04-12 22:45:46,2.1,7,38.13,127.09,경기 연천군 북북동쪽 4km 지역
2023-04-13 05:27:51,2.2,12,35.09,125.07,전남 신안군 흑산도 북서쪽 57km 해역
2023-04-19 00:45:07,2.6,14,33.09,125.42,제주 서귀포시 서쪽 108km 해역
2023-04-23 21:06:39,2.7,0,37.90,129.61,강원 동해시 북동쪽 60km 해역
2023-04-24 13:02:10,2.9,31,37.85,129.47,강원 동해시 북동쪽 48km 해역
2023-04-24 21:41:25,2.1,27,37.87,129.53,강원 동해시 북동쪽 53km 해역
2023-04-24 21:50:59,2.4,27,37.87,129.52,강원 동해시 북동쪽 52km 해역
2023-04-25 05:03:39,2.3,25,37.88,129.54,강원 동해시 북동쪽 54km 해역
2023-04-25 12:02:50,3.1,28,37.87,129.52,강원 동해시 북동쪽 52km 해역
2023-04-25 13:22:40,2.7,12,36.66,128.12,경북 문경시 북서쪽 10km 지역
2023-04-25 15:55:55,3.5,33,37.86,129.49,강원 동해시 북동쪽 50km 해역
2023-04-26 06:51:41,2.2,28,37.86,129.51,강원 동해시 북동쪽 51km 해역
2023-04-26 12:15:24,2.0,27,37.87,129.52,강원 동해시 북동쪽 52km 해역
2023-04-28 23:39:24,2.6,27,37.88,129.51,강원 동해시 북동쪽 53km 해역
2023-04-30 19:03:29,3.1,6,36.32,127.75,충북 옥천군 동쪽 16km 지역
2023-05-05 12:11:49,2.6,14,39.23,125.15,북한 평안북도 정주 남쪽 51km 해역
2023-05-08 19:51:34,2.5,17,37.49,129.13,강원 동해시 남남동쪽 4km 해역
2023-05-08 21:12:05,2.1,23,37.87,129.51,강원 동해시 북동쪽 52km 해역
2023-05-10 01:53:36,2.5,15,37.49,129.14,강원 동해시 남남동쪽 4km 지역
2023-05-10 01:53:41,2.6,16,37.49,129.12,강원 동해시 남쪽 4km 지역
2023-05-10 13:29:35,2.2,5,38.13,127.09,경기 연천군 북북동쪽 4km 지역
2023-05-10 16:32:10,2.5,16,37.49,129.12,강원 동해시 남쪽 4km 지역
2023-05-14 08:35:25,3.1,30,37.86,129.51,강원 동해시 북동쪽 51km 해역
2023-05-15 06:27:37,4.5,31,37.87,129.52,강원 동해시 북동쪽 52km 해역
2023-05-19 14:03:33,2.4,14,41.29,129.19,북한 함경북도 길주 북북서쪽 39km 지역
2023-05-22 03:39:18,2.3,28,37.87,129.52,강원 동해시 북동쪽 52km 해역
2023-05-25 22:27:39,2.4,18,41.25,129.24,북한 함경북도 길주 북북서쪽 34km 지역
2023-06-05 12:42:18,2.1,5,35.77,127.18,전북 완주군 남쪽 15km 지역
2023-06-07 15:30:05,2.1,22,41.31,129.16,북한 함경북도 길주 북북서쪽 42km 지역
2023-06-13 14:23:07,2.0,21,35.07,128.50,경남 창원시 마산합포구 남남서쪽 15km 해역
2023-06-16 06:03:01,3.1,25,34.02,124.80,전남 신안군 흑산도 남서쪽 92km 해역
2023-06-17 22:34:38,2.1,30,37.86,129.50,강원 동해시 북동쪽 50km 해역
2023-06-18 23:39:16,2.3,17,41.28,129.19,북한 함경북도 길주 북북서쪽 38km 지역
2023-06-25 11:55:14,2.4,17,41.32,129.21,북한 함경북도 길주 북북서쪽 42km 지역
2023-07-03 10:04:38,3.3,14,41.30,129.12,북한 함경북도 길주 북북서쪽 42km 지역
2023-07-05 01:02:38,2.1,15,41.27,129.21,북한 함경북도 길주 북북서쪽 36km 지역
2023-07-17 10:37:10,2.4,13,35.31,128.58,경남 함안군 동북동쪽 16km 지역
2023-07-28 13:16:43,2.0,17,41.31,129.23,북한 함경북도 길주 북북서쪽 40km 지역
2023-07-29 19:07:59,3.5,6,35.80,127.53,전북 장수군 북쪽 17km 지역
2023-08-04 03:07:31,2.1,22,33.73,127.22,전남 여수시 거문도 남남서쪽 34km 해역
2023-08-07 00:15:30,2.2,21,34.57,127.29,전남 고흥군 남남동쪽 4km 지역
2023-08-13 03:11:39,2.3,19,41.29,129.19,북한 함경북도 길주 북북서쪽 39km 지역
2023-08-13 03:13:37,2.7,15,41.30,129.19,북한 함경북도 길주 북북서쪽 40km 지역
2023-08-13 07:55:00,2.3,5,41.31,129.16,북한 함경북도 길주 북북서쪽 42km 지역
2023-08-20 19:41:14,2.6,14,37.77,130.36,경북 울릉군 울릉도 서북서쪽 58km 해역
2023-08-26 01:25:33,2.1,9,35.98,128.14,경북 김천시 남쪽 18km 지역
2023-09-02 20:50:37,2.1,28,41.26,129.10,북한 함경북도 길주 북북서쪽 39km 지역
2023-09-02 20:54:33,2.5,15,41.28,129.15,북한 함경북도 길주 북북서쪽 39km 지역
2023-09-08 03:29:48,2.2,17,41.29,129.24,북한 함경북도 길주 북쪽 38km 지역
2023-09-08 04:01:16,2.1,24,41.30,129.23,북한 함경북도 길주 북북서쪽 39km 지역
2023-09-08 05:12:01,2.3,19,41.32,129.17,북한 함경북도 길주 북북서쪽 43km 지역
2023-09-14 21:28:25,2.9,23,35.70,130.03,울산 동구 동북동쪽 60km 해역
2023-09-16 04:28:25,2.2,7,36.01,128.01,경북 김천시 남남서쪽 17km 지역
2023-09-22 17:46:58,2.2,14,36.59,128.22,경북 문경시 동쪽 3km 지역
2023-09-27 00:48:43,3.2,6,41.33,129.16,북한 함경북도 길주 북북서쪽 44km 지역
2023-10-01 07:35:56,2.1,23,41.26,129.29,북한 함경북도 길주 북쪽 34km 지역
2023-10-06 18:29:03,2.5,12,41.29,129.13,북한 함경북도 길주 북북서쪽 41km 지역
2023-10-09 23:16:36,2.2,13,41.30,129.23,북한 함경북도 길주 북북서쪽 39km 지역
2023-10-10 00:20:28,3.1,13,36.18,124.42,충남 태안군 서격렬비도 서남서쪽 111km 해역
2023-10-11 03:54:54,2.9,12,35.31,125.51,전남 신안군 흑산도 북쪽 72km 해역
2023-10-11 18:58:13,2.2,5,38.76,127.63,북한 강원 회양 북북동쪽 7km 지역
2023-10-15 09:42:38,2.3,12,37.72,125.58,북한 황해남도 옹진 남동쪽 30km 해역
2023-10-20 00:30:12,2.7,11,40.48,127.26,북한 함경남도 장진 북쪽 11km 지역
2023-10-20 17:36:00,2.0,18,35.06,125.08,전남 신안군 흑산도 북서쪽 53km 해역
2023-10-22 03:04:09,2.1,29,37.86,129.52,강원 동해시 북동쪽 52km 해역
2023-10-24 09:11:37,2.7,31,37.85,129.49,강원 동해시 북동쪽 49km 해역
2023-10-25 21:46:30,3.4,12,36.35,127.05,충남 공주시 남남서쪽 12km 지역
2023-10-28 08:37:14,2.2,31,41.25,129.12,북한 함경북도 길주 북북서쪽 37km 지역
2023-11-03 00:24:23,2.5,12,38.10,124.72,북한 황해남도 용연 서남서쪽 19km 해역
2023-11-17 04:06:38,2.1,18,33.67,127.38,전남 여수시 거문도 남쪽 40km 해역
2023-11-22 16:29:32,2.9,23,41.31,129.18,북한 함경북도 길주 북북서쪽 41km 지역
2023-11-22 17:40:59,2.3,24,41.30,129.20,북한 함경북도 길주 북북서쪽 40km 지역
2023-11-23 07:54:55,2.5,20,41.29,129.16,북한 함경북도 길주 북북서쪽 40km 지역
2023-11-23 12:42:02,2.2,6,41.23,129.05,북한 함경북도 길주 북서쪽 38km 지역
2023-11-23 21:21:44,2.6,15,41.30,129.20,북한 함경북도 길주 북북서쪽 40km 지역
2023-11-23 21:31:58,2.2,18,41.31,129.14,북한 함경북도 길주 북북서쪽 42km 지역
2023-11-24 22:06:53,2.7,17,35.07,125.06,전남 신안군 흑산도 북서쪽 55km 해역
2023-11-25 11:53:35,2.6,8,36.69,126.83,충남 예산군 북서쪽 2km 지역
2023-11-30 04:55:24,4.0,12,35.79,129.42,경북 경주시 동남동쪽 19km 지역
2023-12-04 02:28:02,3.1,22,41.30,129.15,북한 함경북도 길주 북북서쪽 41km 지역
2023-12-05 05:53:41,2.2,19,41.29,129.22,북한 함경북도 길주 북북서쪽 38km 지역
2023-12-06 19:11:06,2.0,28,41.26,129.22,북한 함경북도 길주 북북서쪽 35km 지역
2023-12-08 06:31:18,2.5,3,37.19,129.08,강원 삼척시 남남서쪽 30km 지역
2023-12-11 01:23:25,2.3,12,38.45,126.17,북한 황해북도 평산 북서쪽 24km 지역
2023-12-23 04:34:05,3.0,6,35.80,127.53,전북 장수군 북쪽 17km 지역
2024-01-06 20:02:39,2.4,17,33.59,127.22,전남 여수시 거문도 남쪽 49km 해역
2024-01-11 19:00:53,2.4,20,41.30,129.16,북한 함경북도 길주 북북서쪽 41km 지역
2024-01-13 08:03:02,2.4,8,37.65,124.65,인천 옹진군 백령도 남쪽 34km 해역
2024-01-24 12:25:25,2.1,6,38.85,125.77,북한 황해북도 송림 북동쪽 17km 지역
2024-01-24 19:12:07,2.0,18,35.76,129.19,경북 경주시 남남서쪽 11km 지역
2024-01-31 17:36:22,3.8,15,32.59,125.53,제주 서귀포시 이어도 북북동쪽 61km 해역
2024-02-03 02:24:04,2.0,13,35.96,127.00,전북 익산시 동북동쪽 4km 지역
2024-02-08 03:15:44,2.3,21,41.46,129.25,북한 함경북도 길주 북쪽 57km 지역
2024-02-14 23:33:00,2.2,20,41.28,129.15,북한 함경북도 길주 북북서쪽 39km 지역
2024-03-03 08:53:39,2.8,14,35.09,125.09,전남 신안군 흑산도 북북서쪽 56km 해역
2024-03-15 22:35:42,2.2,20,41.30,129.20,북한 함경북도 길주 북북서쪽 40km 지역
2024-03-22 08:05:55,2.4,18,33.68,125.15,전남 신안군 흑산도 남남서쪽 113km 해역
2024-03-25 21:16:45,2.1,7,35.11,125.07,전남 신안군 흑산도 북북서쪽 58km 해역
2024-03-27 09:43:10,2.9,24,41.29,129.19,북한 함경북도 길주 북북서쪽 39km 지역
2024-03-27 09:45:06,2.5,20,41.30,129.15,북한 함경북도 길주 북북서쪽 41km 지역
2024-03-27 11:14:27,2.7,16,41.31,129.12,북한 함경북도 길주 북북서쪽 43km 지역
2024-04-10 15:30:46,2.9,6,39.44,125.88,북한 평안남도 평성 북쪽 22km 지역
2024-04-22 07:47:19,2.6,6,36.00,128.35,경북 칠곡군 서쪽 5km 지역
2024-04-22 18:47:51,2.0,20,33.31,127.10,제주 서귀포시 동쪽 51km 해역
2024-04-28 10:33:43,2.2,14,35.61,128.28,경남 합천군 동북동쪽 11km 지역
2024-04-30 01:54:46,2.5,16,41.30,129.14,북한 함경북도 길주 북북서쪽 41km 지역
2024-05-08 00:50:00,2.2,11,38.80,126.17,북한 황해북도 연산 남서쪽 11km 지역
2024-05-09 05:41:25,2.2,11,41.32,129.18,북한 함경북도 길주 북북서쪽 42km 지역
2024-05-20 10:31:45,2.6,22,35.63,129.83,울산 동구 동북동쪽 40km 해역
2024-05-22 12:29:19,2.3,16,41.27,129.06,북한 함경북도 길주 북북서쪽 42km 지역
2024-05-31 03:35:02,2.8,9,38.13,127.09,경기 연천군 북북동쪽 4km 지역
2024-06-01 00:53:41,2.4,11,36.24,128.20,경북 김천시 북동쪽 14km 지역
2024-06-01 11:55:28,2.1,6,41.33,129.17,북한 함경북도 길주 북북서쪽 44km 지역
2024-06-03 02:25:11,2.5,14,38.24,128.69,강원 속초시 동북동쪽 9km 해역
2024-06-08 23:04:37,2.2,15,38.87,129.18,북한 강원 회양 동쪽 138km 해역
2024-06-09 15:16:14,2.1,7,33.40,125.10,제주 제주시 서쪽 133km 해역
2024-06-12 08:26:49,4.8,8,35.70,126.72,전북 부안군 남남서쪽 4km 지역
2024-06-12 13:55:42,3.1,8,35.70,126.73,전북 부안군 남쪽 4km 지역
2024-06-22 13:49:00,2.0,16,32.97,126.28,제주 서귀포시 남서쪽 41km 해역
2024-06-27 03:04:40,2.1,6,39.56,127.04,북한 함경남도 금야 서쪽 17km 지역
2024-07-03 14:24:43,2.3,8,35.70,126.72,전북 부안군 남남서쪽 4km 지역
2024-07-06 02:19:15,2.4,16,36.51,128.85,경북 안동시 동남동쪽 13km 지역
2024-07-26 22:52:37,2.6,7,35.57,125.14,전북 군산시 어청도 남서쪽 97km 해역
2024-07-27 12:50:57,2.9,17,41.30,129.13,북한 함경북도 길주 북북서쪽 42km 지역
2024-07-29 21:56:42,2.3,14,38.78,125.89,북한 황해북도 송림 동북동쪽 23km 지역
2024-08-01 08:34:12,3.0,9,38.76,125.89,북한 황해북도 송림 동쪽 22km 지역
2024-08-01 12:50:08,2.6,9,38.77,125.89,북한 황해북도 송림 동쪽 22km 지역
2024-08-04 00:27:10,2.7,18,34.79,124.66,전남 신안군 흑산도 서쪽 71km 해역
2024-08-23 01:42:16,2.1,9,36.96,126.31,충남 서산시 북북서쪽 23km 해역
2024-08-25 23:28:12,2.4,25,37.87,129.51,강원 동해시 북동쪽 52km 해역
2024-08-25 23:28:19,3.0,24,37.86,129.52,강원 동해시 북동쪽 52km 해역
2024-08-27 00:15:21,2.7,12,41.28,129.09,북한 함경북도 길주 북북서쪽 41km 지역
2024-08-27 23:02:24,2.2,21,37.87,129.54,강원 동해시 북동쪽 54km 해역
2024-08-29 20:23:55,2.4,19,35.66,129.75,울산 동구 동북동쪽 35km 해역
2024-09-01 13:46:21,2.4,27,37.86,129.52,강원 동해시 북동쪽 52km 해역
2024-09-11 02:24:34,2.7,11,37.11,125.45,충남 태안군 서격렬비도 북쪽 56km 해역
2024-09-12 19:19:46,2.9,17,39.90,126.56,북한 평안남도 덕천 북동쪽 27km 지역
2024-09-12 19:25:10,2.7,14,36.41,128.76,경북 의성군 북동쪽 8km 지역
2024-09-12 23:47:19,2.6,16,35.46,128.43,경남 창녕군 남남서쪽 11km 지역
2024-09-13 21:58:04,2.3,11,35.47,124.54,전남 신안군 흑산도 북서쪽 120km 해역
2024-09-18 12:47:52,2.7,5,35.73,124.35,충남 태안군 서격렬비도 남서쪽 145km 해역
2024-09-19 19:41:22,3.8,8,40.31,126.88,북한 평안남도 대흥 북쪽 25km 지역
2024-09-19 21:39:17,2.2,5,40.19,126.88,북한 평안남도 대흥 북북서쪽 12km 지역
2024-09-22 20:23:38,2.2,10,35.59,129.50,울산 동구 북동쪽 12km 해역
2024-09-24 07:05:28,2.2,12,35.22,128.63,경남 창원시 의창구 남남서쪽 4km 지역
2024-09-26 11:00:50,2.8,6,40.20,126.89,북한 평안남도 대흥 북북서쪽 13km 지역
2024-09-28 16:45:19,2.2,9,36.73,128.90,경북 안동시 북동쪽 24km 지역
2024-10-01 11:33:30,2.1,16,33.62,126.94,제주 제주시 동북동쪽 40km 해역
2024-10-04 13:23:30,2.3,10,41.27,129.11,북한 함경북도 길주 북북서쪽 39km 지역
2024-10-04 22:08:58,2.1,12,36.08,125.42,전북 군산시 어청도 서쪽 50km 해역
2024-10-07 15:09:38,2.2,20,35.67,129.63,울산 북구 동북동쪽 26km 해역
2024-10-16 00:55:54,2.1,12,36.27,126.71,충남 부여군 서쪽 18km 지역
2024-10-21 15:33:07,2.2,7,41.29,129.20,북한 함경북도 길주 북북서쪽 39km 지역
2024-10-22 01:47:05,2.1,18,41.27,129.20,북한 함경북도 길주 북북서쪽 37km 지역
2024-10-23 17:56:17,2.5,8,35.99,128.35,경북 칠곡군 서쪽 5km 지역
2024-10-26 03:32:50,2.2,21,33.42,125.80,제주 제주시 서쪽 68km 해역
2024-10-28 14:11:44,2.3,17,41.29,129.20,북한 함경북도 길주 북북서쪽 39km 지역
2024-11-01 21:27:42,2.9,19,33.43,127.86,전남 여수시 거문도 남동쪽 83km 해역
2024-11-02 21:24:57,2.5,17,41.28,129.21,북한 함경북도 길주 북북서쪽 37km 지역
2024-11-03 03:19:21,2.3,6,33.42,125.15,제주 제주시 서쪽 128km 해역
2024-11-03 12:16:44,2.0,13,36.46,129.64,경북 영덕군 동북동쪽 25km 해역
2024-11-08 05:47:40,2.2,9,33.40,125.14,제주 제주시 서쪽 130km 해역
2024-11-09 13:23:12,3.1,11,41.27,129.19,북한 함경북도 길주 북북서쪽 37km 지역
2024-11-10 14:27:55,2.3,17,33.40,125.11,제주 제주시 서쪽 132km 해역
2024-11-14 00:00:09,2.1,9,33.40,125.13,제주 제주시 서쪽 130km 해역
2024-11-14 04:21:55,2.1,14,32.64,125.82,제주 서귀포시 이어도 북동쪽 83km 해역
2024-11-14 22:48:15,2.0,20,35.28,127.43,전남 구례군 북북서쪽 9km 지역
2024-11-24 20:35:27,2.6,8,33.42,125.16,제주 제주시 서쪽 128km 해역
2024-11-28 00:36:11,2.5,12,35.51,126.82,전북 정읍시 남남서쪽 7km 지역
2024-12-02 23:04:22,2.4,12,41.31,129.18,북한 함경북도 길주 북북서쪽 41km 지역
2024-12-04 09:41:04,2.6,7,37.06,126.28,충남 서산시 북북서쪽 34km 해역
2024-12-22 19:33:09,2.2,17,36.39,127.52,대전 동구 북동쪽 10km 지역
2025-01-03 15:28:06,2.9,8,35.56,127.94,경남 거창군 남쪽 14km 지역
2025-01-05 02:43:11,2.2,5,38.00,125.39,북한 황해남도 옹진 북북동쪽 8km 지역
2025-01-05 09:54:14,2.1,10,35.48,128.31,경남 의령군 북북동쪽 18km 지역
2025-01-11 22:35:51,2.2,13,33.49,125.85,제주 제주시 서쪽 63km 해역
2025-01-14 16:33:56,2.5,10,39.01,126.53,북한 황해북도 신평 북서쪽 22km 지역
2025-01-29 02:15:45,2.1,11,38.47,126.19,북한 황해북도 평산 북서쪽 23km 지역
2025-02-07 02:35:34,3.1,9,37.14,127.76,충북 충주시 북서쪽 22km 지역
2025-02-09 17:49:38,2.1,4,38.49,126.15,북한 황해북도 평산 북서쪽 28km 지역
2025-02-13 12:06:51,2.3,8,35.70,126.73,전북 부안군 남쪽 4km 지역
2025-02-15 06:49:47,2.6,5,37.28,129.33,강원 삼척시 남동쪽 24km 해역
2025-02-16 13:42:04,2.2,20,33.91,126.94,전남 여수시 거문도 서남서쪽 37km 해역
2025-02-17 11:20:37,2.1,21,33.91,126.93,전남 여수시 거문도 서남서쪽 38km 해역
2025-02-22 06:30:12,2.0,8,36.71,125.93,충남 태안군 서쪽 33km 해역
2025-03-13 00:40:54,2.2,22,35.62,129.96,울산 동구 동북동쪽 51km 해역
2025-03-17 11:39:01,2.2,12,38.67,125.62,북한 황해북도 송림 남쪽 7km 지역
2025-03-20 16:26:08,2.5,15,36.49,124.68,충남 태안군 서격렬비도 서쪽 78km 해역
2025-03-29 05:37:25,2.5,20,33.90,126.93,전남 여수시 거문도 서남서쪽 38km 해역
2025-03-31 21:19:43,2.0,12,41.36,129.43,북한 함경북도 길주 북쪽 46km 지역
2025-04-02 22:47:35,2.4,8,35.56,124.43,전남 신안군 흑산도 북서쪽 134km 해역
2025-04-13 10:27:54,2.2,9,37.39,125.75,인천 옹진군 연평도 남쪽 31km 해역
2025-04-22 08:40:48,2.3,28,40.86,127.99,북한 양강도 풍산 서북서쪽 15km 지역
2025-04-28 19:39:39,2.7,0,33.75,127.62,전남 여수시 거문도 남동쪽 42km 해역
2025-05-01 16:26:07,2.3,20,41.29,129.23,북한 함경북도 길주 북북서쪽 38km 지역
2025-05-03 16:10:39,2.2,12,37.35,129.52,강원 삼척시 동남동쪽 33km 해역
2025-05-05 07:53:59,3.7,14,37.12,125.94,충남 태안군 북서쪽 52km 해역
2025-05-07 19:55:07,2.0,15,35.77,129.07,경북 경주시 남서쪽 17km 지역
2025-05-07 23:08:53,2.5,16,35.77,129.07,경북 경주시 남서쪽 17km 지역
2025-05-10 13:19:00,3.3,9,38.14,127.09,경기 연천군 북북동쪽 5km 지역
2025-05-10 14:59:25,2.5,8,38.13,127.09,경기 연천군 북북동쪽 4km 지역
2025-05-18 13:01:21,2.4,7,35.19,124.77,전남 신안군 흑산도 북서쪽 83km 해역
2025-05-19 14:18:50,2.4,13,36.18,128.26,경북 김천시 동북동쪽 14km 지역
2025-05-21 10:17:11,2.1,18,38.63,125.69,북한 황해북도 송림 남남동쪽 13km 지역
2025-05-28 00:17:31,2.0,17,35.55,129.65,울산 동구 동북동쪽 22km 해역
2025-06-07 03:25:17,2.2,4,39.10,126.76,북한 평안남도 양덕 남동쪽 16km 지역
2025-06-10 23:53:28,2.2,13,38.33,128.58,강원 고성군 동남동쪽 11km 해역
2025-06-12 21:49:16,2.7,19,35.06,125.08,전남 신안군 흑산도 북서쪽 53km 해역
2025-06-13 01:57:14,2.1,18,40.67,128.29,북한 양강도 풍산 남동쪽 20km 지역
2025-06-14 12:22:11,2.0,12,36.60,129.35,경북 영덕군 북쪽 21km 지역
2025-06-14 13:58:33,2.3,11,36.61,129.34,경북 영덕군 북쪽 22km 지역
2025-06-16 07:04:18,2.4,5,41.32,129.16,북한 함경북도 길주 북북서쪽 43km 지역
2025-06-22 12:00:39,2.1,16,41.22,129.05,북한 함경북도 길주 북서쪽 37km 지역
2025-06-22 13:28:14,2.0,14,37.77,125.97,북한 황해남도 해주 남동쪽 38km 해역
2025-06-22 18:10:48,2.2,27,41.29,129.17,북한 함경북도 길주 북북서쪽 40km 지역
2025-06-25 05:59:35,2.2,7,36.85,127.60,충북 증평군 북북동쪽 7km 지역
2025-07-06 04:20:19,2.2,17,37.38,129.82,경북 울진군 북동쪽 57km 해역
2025-07-22 03:57:05,2.5,0,32.41,126.95,제주 서귀포시 남남동쪽 101km 해역
2025-08-01 10:34:17,2.3,6,38.80,127.44,북한 강원 회양 북서쪽 18km 지역
2025-08-05 15:58:17,2.7,16,36.58,129.24,경북 영덕군 북북서쪽 22km 지역
2025-08-16 09:33:11,2.3,12,36.85,126.53,충남 당진시 서남서쪽 11km 지역
2025-08-25 10:40:28,2.2,14,35.76,129.19,경북 경주시 남남서쪽 11km 지역
2025-08-26 22:46:44,2.3,12,32.65,125.48,제주 서귀포시 이어도 북북동쪽 65km 해역
2025-09-04 08:02:46,2.2,16,33.79,124.99,전남 신안군 흑산도 남남서쪽 105km 해역
2025-09-05 00:45:17,2.5,27,36.36,130.12,경북 영덕군 동쪽 68km 해역
2025-09-09 20:04:15,2.1,17,33.66,126.96,제주 제주시 동북동쪽 44km 해역
2025-09-13 08:28:29,2.1,12,34.55,128.29,경남 통영시 남남서쪽 36km 해역
2025-09-15 15:34:42,2.3,15,36.41,128.64,경북 의성군 북서쪽 8km 지역
2025-09-15 15:49:56,2.0,14,36.41,128.64,경북 의성군 북서쪽 8km 지역
2025-09-21 01:59:59,2.5,19,41.33,129.18,북한 함경북도 길주 북북서쪽 44km 지역
2025-09-23 08:53:11,2.2,25,35.55,129.95,울산 동구 동쪽 49km 해역
2025-09-25 18:42:27,2.6,11,35.39,125.54,전남 신안군 흑산도 북쪽 81km 해역
2025-09-26 06:53:01,2.1,13,35.40,127.91,경남 산청군 동남동쪽 4km 지역
2025-10-05 12:49:56,2.8,19,33.27,127.54,전남 여수시 거문도 남남동쪽 87km 해역
2025-10-08 11:49:39,3.1,9,36.28,127.76,충북 옥천군 동쪽 17km 지역
2025-10-12 05:32:59,2.2,23,41.29,129.18,북한 함경북도 길주 북북서쪽 39km 지역
2025-10-17 00:11:36,2.4,10,41.30,129.20,북한 함경북도 길주 북북서쪽 40km 지역
2025-10-17 02:22:46,2.4,17,41.28,129.24,북한 함경북도 길주 북쪽 37km 지역
2025-10-18 21:37:40,2.3,18,36.49,128.05,경북 상주시 북서쪽 13km 지역
2025-10-23 18:21:13,2.3,21,41.28,129.25,북한 함경북도 길주 북쪽 37km 지역
